id,datum,pocet_hosp,stav_bez_priznaku,stav_lehky,stav_stredni,stav_tezky,jip,kyslik,hfno,upv,ecmo,tezky_upv_ecmo
9b1c9eba-072e-436a-9ec4-0bc4ed5ba1cf,2020-03-01,,,,,,,,,,,
7803c172-c634-41dc-a3c1-4be794ef45c9,2020-03-02,,,,,,,,,,,
da4b1753-6a2e-482a-8a24-0d4cfc2751b5,2020-03-03,,,,,,,,,,,
1e0a1143-70cf-4352-ba29-a8744a2a160b,2020-03-04,,,,,,,,,,,
0a98f413-32b8-4d7e-b3cb-72a6781728ec,2020-03-05,,,,,,,,,,,
5fee8d54-6afe-4a29-91a7-f2f12b097efc,2020-03-06,,,,,,,,,,,
3e4b7ae3-2ca6-40c5-994a-0358d43576a5,2020-03-07,,,,,,,,,,,
394e4a22-c6fe-4bb4-934b-f4f85e41d2f0,2020-03-08,,,,,,,,,,,
293debc4-2f83-42cb-a58a-67be73745a0c,2020-03-09,,,,,,,,,,,
9ddbd139-f685-42df-9206-9286239fa1b9,2020-03-10,,,,,,,,,,,
ee83180a-ef00-4707-823d-957b53a73163,2020-03-11,2.0,0.0,2.0,0.0,0.0,,0.0,0.0,0.0,0.0,
ad62893f-91a4-4c51-a5b2-cfd5dac013aa,2020-03-12,3.0,0.0,2.0,1.0,0.0,,0.0,0.0,0.0,0.0,
ebed5f80-79e2-4fbe-9e22-0b07f51a4155,2020-03-13,4.0,0.0,3.0,1.0,0.0,,0.0,0.0,0.0,0.0,
9e8cdb3c-fa9f-42bf-a430-db552d3f2d64,2020-03-14,4.0,1.0,3.0,0.0,0.0,,1.0,0.0,0.0,0.0,
835582ab-faee-44a7-ac5f-81105dce2f7d,2020-03-15,6.0,1.0,5.0,0.0,0.0,,1.0,0.0,0.0,0.0,
8b0586c3-cf63-4598-9414-de69431bcb5f,2020-03-16,19.0,3.0,8.0,6.0,2.0,3.0,4.0,0.0,2.0,1.0,2.0
981dc128-7db0-41ca-b1b1-1377d2fa24c9,2020-03-17,49.0,7.0,24.0,13.0,5.0,7.0,8.0,0.0,4.0,1.0,5.0
4e6f841b-a4cb-4004-80da-411cf817fdaa,2020-03-18,50.0,7.0,25.0,12.0,6.0,9.0,10.0,0.0,4.0,1.0,6.0
16572f1b-dc7a-4b7f-a2a8-2dda4ae6dd83,2020-03-19,55.0,8.0,29.0,12.0,6.0,10.0,9.0,0.0,4.0,1.0,6.0
43b7be28-949e-46f0-b034-71b8649946f8,2020-03-20,66.0,9.0,32.0,10.0,15.0,16.0,14.0,0.0,8.0,1.0,15.0
32cc9e75-f1bf-4044-a059-d89b804850fb,2020-03-21,79.0,5.0,41.0,19.0,14.0,18.0,23.0,0.0,11.0,1.0,14.0
1d5f6c25-71c2-4913-ad0e-a19bf819a78c,2020-03-22,97.0,6.0,49.0,26.0,16.0,27.0,27.0,0.0,16.0,1.0,18.0
6fa28b5b-2b3a-4cd5-b310-6979bad70642,2020-03-23,117.0,7.0,54.0,34.0,22.0,31.0,31.0,0.0,19.0,1.0,22.0
e86cdfdf-eb09-4ad0-8ba4-1bf81417ce78,2020-03-24,135.0,8.0,54.0,47.0,26.0,41.0,43.0,0.0,23.0,1.0,26.0
555d3018-c3bd-40a9-bf43-f70d15be9aa5,2020-03-25,175.0,8.0,55.0,77.0,35.0,54.0,61.0,0.0,26.0,1.0,36.0
260c88ef-194b-4a58-8641-d8e8493e316a,2020-03-26,205.0,5.0,72.0,91.0,37.0,51.0,63.0,0.0,30.0,1.0,38.0
34561363-cf24-465e-9c24-d9ac3d977be1,2020-03-27,237.0,5.0,68.0,117.0,47.0,59.0,84.0,0.0,33.0,1.0,48.0
fdea67ed-0230-4009-852b-99b22140974f,2020-03-28,271.0,10.0,85.0,120.0,56.0,63.0,98.0,0.0,37.0,1.0,57.0
d4d05f1a-830b-4aaf-92f6-e4789c6a985a,2020-03-29,282.0,11.0,103.0,115.0,53.0,61.0,98.0,0.0,37.0,2.0,53.0
51f5424a-8819-459a-b5f3-3ea306774d7b,2020-03-30,294.0,8.0,101.0,119.0,66.0,73.0,107.0,0.0,47.0,3.0,66.0
51f2fdb4-a4ed-42b6-af57-059450256969,2020-03-31,322.0,8.0,107.0,135.0,72.0,82.0,110.0,0.0,55.0,3.0,72.0
b1b73023-e84c-4e44-b18f-46d6a1101d11,2020-04-01,345.0,12.0,121.0,138.0,74.0,88.0,104.0,0.0,59.0,4.0,74.0
9e1cb107-bd05-4e76-b042-3bfd2e1a76cf,2020-04-02,351.0,15.0,125.0,135.0,76.0,87.0,102.0,0.0,65.0,2.0,76.0
a78dca43-4e26-4010-ab1a-b6640fb60e80,2020-04-03,375.0,24.0,118.0,147.0,86.0,94.0,126.0,0.0,65.0,2.0,86.0
8425fe7d-81f9-44e5-9663-48030c6aa346,2020-04-04,365.0,20.0,104.0,157.0,84.0,90.0,131.0,0.0,62.0,2.0,84.0
85b622b6-554c-4f06-a587-5173ee579dca,2020-04-05,371.0,19.0,112.0,158.0,82.0,91.0,138.0,0.0,62.0,2.0,82.0
5491b30b-7fe3-4761-b0ab-c5d71b162098,2020-04-06,395.0,24.0,121.0,163.0,87.0,96.0,133.0,0.0,65.0,2.0,88.0
a6a8253c-d8c4-495d-a587-4e45f189eae3,2020-04-07,413.0,34.0,117.0,162.0,100.0,102.0,137.0,0.0,64.0,2.0,100.0
f499600f-b8b8-4dd9-b61b-5d1c92b03739,2020-04-08,423.0,41.0,122.0,166.0,94.0,96.0,137.0,0.0,61.0,3.0,94.0
0d8d1030-41e1-4a4b-a088-0d2a9aa6486a,2020-04-09,417.0,47.0,115.0,159.0,96.0,94.0,136.0,0.0,64.0,3.0,96.0
7d68455d-64c9-4caa-a108-1dd8cfb66b53,2020-04-10,406.0,40.0,114.0,163.0,89.0,90.0,135.0,0.0,62.0,3.0,89.0
0d127f64-6f97-4dfa-bbad-ffdc1f437141,2020-04-11,406.0,44.0,114.0,161.0,87.0,94.0,124.0,0.0,62.0,3.0,87.0
749cb371-9a98-4332-95bf-94b75400b403,2020-04-12,402.0,39.0,108.0,155.0,100.0,99.0,142.0,0.0,63.0,3.0,100.0
d31a0de5-3231-442d-9812-f85b024e630d,2020-04-13,395.0,44.0,107.0,151.0,93.0,93.0,123.0,0.0,61.0,3.0,93.0
37979279-1d19-43d0-8f8f-49a10853504a,2020-04-14,385.0,44.0,110.0,148.0,83.0,83.0,111.0,0.0,59.0,5.0,83.0
b79a6876-2c2b-42fc-aabf-945e4659499d,2020-04-15,370.0,42.0,109.0,143.0,76.0,79.0,108.0,0.0,57.0,4.0,77.0
b8ac2baf-23c7-4520-a9cf-12dfe85c6332,2020-04-16,362.0,50.0,91.0,138.0,83.0,87.0,108.0,0.0,57.0,3.0,83.0
2f3bf611-3aec-4275-a4f0-1956a35ee08d,2020-04-17,355.0,43.0,95.0,137.0,80.0,86.0,109.0,0.0,56.0,3.0,81.0
5201dbcf-0e34-444e-af5f-eb3b3330d6c8,2020-04-18,338.0,42.0,97.0,125.0,74.0,81.0,103.0,0.0,51.0,3.0,75.0
3d7cc127-0c3d-4154-b6b5-fbaa42555349,2020-04-19,345.0,41.0,97.0,128.0,79.0,84.0,106.0,0.0,52.0,3.0,81.0
89758f7a-c552-4f8a-9c50-dd62c906dea1,2020-04-20,348.0,52.0,104.0,116.0,76.0,86.0,89.0,0.0,54.0,3.0,78.0
4f762a70-9295-4ac6-a154-d212ac1243b1,2020-04-21,365.0,65.0,110.0,112.0,78.0,82.0,84.0,0.0,48.0,4.0,79.0
7d1471ff-7eab-47cb-a826-b4813aa49aa9,2020-04-22,342.0,73.0,88.0,107.0,74.0,78.0,83.0,0.0,47.0,4.0,75.0
4d5f61cb-3ade-4d92-be6a-9c8e295664ed,2020-04-23,335.0,70.0,92.0,95.0,78.0,75.0,82.0,0.0,45.0,4.0,78.0
888ceac9-2a85-420b-89bd-439c487b67ec,2020-04-24,329.0,76.0,81.0,97.0,75.0,73.0,81.0,0.0,47.0,4.0,75.0
12d005f9-6634-4d6b-96b3-e095f00f12bb,2020-04-25,314.0,73.0,73.0,97.0,71.0,69.0,74.0,0.0,43.0,4.0,71.0
0a23956b-e2c0-482a-8945-616c21f7bab1,2020-04-26,309.0,71.0,78.0,88.0,72.0,67.0,71.0,0.0,45.0,4.0,72.0
8f353145-ebf1-466f-898e-9ff51fcf7627,2020-04-27,309.0,76.0,74.0,91.0,68.0,68.0,74.0,0.0,45.0,3.0,68.0
e3097f1d-652c-483e-8064-e73d12f4ea2a,2020-04-28,305.0,73.0,81.0,83.0,68.0,61.0,66.0,0.0,42.0,3.0,68.0
2b9b0e94-2e8e-47f0-9145-375fdeba7ef5,2020-04-29,286.0,63.0,83.0,78.0,62.0,60.0,65.0,0.0,42.0,2.0,64.0
a9359b75-e1ce-4ea1-9924-5bf18b9e9b5b,2020-04-30,273.0,64.0,76.0,75.0,58.0,52.0,66.0,0.0,39.0,2.0,60.0
cdca8f71-839f-4341-8e85-44e279ce12e8,2020-05-01,244.0,48.0,70.0,73.0,53.0,46.0,64.0,0.0,35.0,1.0,55.0
3797c79c-073c-4b44-a2bb-12cbb7d69cf2,2020-05-02,233.0,52.0,62.0,70.0,49.0,47.0,58.0,0.0,32.0,1.0,50.0
ba1a9a64-5a9e-4897-9e1a-a25880ad0a98,2020-05-03,232.0,62.0,62.0,59.0,49.0,45.0,53.0,0.0,31.0,1.0,50.0
31c45175-6775-4561-aebc-b833f01a3493,2020-05-04,236.0,67.0,56.0,59.0,54.0,47.0,47.0,0.0,32.0,1.0,55.0
0c2b98e5-4128-43e6-a227-3879815772b4,2020-05-05,223.0,61.0,60.0,56.0,46.0,37.0,43.0,0.0,29.0,1.0,47.0
61f42b8f-3c6c-46d7-ab18-74b29b2de07b,2020-05-06,209.0,53.0,58.0,55.0,43.0,35.0,41.0,0.0,28.0,1.0,44.0
8e59f95f-53b4-4d20-a1b5-46f5fb4dea6d,2020-05-07,191.0,48.0,56.0,46.0,41.0,36.0,39.0,0.0,24.0,0.0,41.0
c4746a7b-07f7-42b7-80b6-d2669cb2dfea,2020-05-08,185.0,44.0,55.0,43.0,43.0,40.0,41.0,0.0,27.0,0.0,44.0
c134cc47-95c7-4517-adae-176ba1d26a75,2020-05-09,173.0,41.0,52.0,41.0,39.0,34.0,39.0,0.0,25.0,0.0,39.0
8582c530-1779-4961-b954-1f53e7a3107d,2020-05-10,167.0,35.0,53.0,40.0,39.0,34.0,38.0,0.0,24.0,0.0,39.0
bd6c338b-d3c9-4559-8f05-9bdd7ca50480,2020-05-11,167.0,37.0,51.0,37.0,42.0,35.0,38.0,0.0,27.0,0.0,42.0
fb411351-128d-4936-8109-0005e3709fcb,2020-05-12,157.0,35.0,47.0,35.0,40.0,32.0,40.0,0.0,25.0,0.0,40.0
d7ab445c-0fc7-4b97-b606-aa035a0ddca9,2020-05-13,147.0,30.0,46.0,33.0,38.0,29.0,34.0,0.0,19.0,0.0,39.0
704c10cc-dade-4c08-8f8c-4266b1e1ba67,2020-05-14,128.0,30.0,37.0,27.0,34.0,29.0,26.0,0.0,19.0,0.0,35.0
8b6f853f-d58e-4817-9085-a4ecd3e7d1b8,2020-05-15,118.0,30.0,35.0,19.0,34.0,29.0,25.0,0.0,18.0,0.0,35.0
9986be69-63fc-40cf-a404-93851f17917f,2020-05-16,112.0,27.0,33.0,19.0,33.0,28.0,20.0,0.0,16.0,0.0,34.0
1b877a06-de5a-42fc-a0d0-289371cd3608,2020-05-17,110.0,24.0,30.0,22.0,34.0,28.0,24.0,0.0,17.0,0.0,35.0
d7c41b33-16fc-49ea-ba58-50ef54ee6131,2020-05-18,115.0,22.0,37.0,24.0,32.0,29.0,25.0,0.0,18.0,0.0,33.0
94abe401-6d43-45a6-90ad-824b06240e55,2020-05-19,109.0,23.0,33.0,22.0,31.0,26.0,24.0,0.0,18.0,0.0,32.0
9142d380-af5a-4336-b3ab-9fdabd069706,2020-05-20,101.0,23.0,26.0,21.0,31.0,25.0,23.0,0.0,19.0,0.0,32.0
f9294179-18af-47d3-9d95-1d5bd8d76d1e,2020-05-21,101.0,16.0,35.0,21.0,29.0,23.0,24.0,0.0,17.0,0.0,30.0
c058d1c0-9abe-46fd-bd50-ccb2f39ba893,2020-05-22,98.0,19.0,32.0,23.0,24.0,17.0,16.0,0.0,14.0,0.0,25.0
e54ef8c2-0400-4796-9991-7c82aa0f92da,2020-05-23,93.0,15.0,32.0,24.0,22.0,18.0,16.0,0.0,14.0,0.0,23.0
6ba697c8-43e2-4f2f-8456-838a37ae3df1,2020-05-24,94.0,16.0,32.0,25.0,21.0,19.0,15.0,0.0,14.0,0.0,22.0
0928a10a-578d-4b6e-8c00-e7aae3d2b43d,2020-05-25,91.0,15.0,31.0,26.0,19.0,18.0,14.0,0.0,12.0,0.0,20.0
4086398c-3144-4658-8af6-a7a7b70949d5,2020-05-26,92.0,19.0,27.0,31.0,15.0,16.0,15.0,0.0,10.0,0.0,16.0
2f0547c3-a118-41a1-8bcd-ce82cd9fe6ed,2020-05-27,86.0,15.0,27.0,29.0,15.0,16.0,17.0,0.0,10.0,0.0,17.0
7ca692e7-ca85-4a1e-a472-bad06922575b,2020-05-28,74.0,12.0,21.0,26.0,15.0,13.0,12.0,0.0,8.0,0.0,15.0
f1d21ccd-19e3-4060-94e1-f1b68438f57c,2020-05-29,71.0,11.0,20.0,25.0,15.0,12.0,14.0,0.0,9.0,0.0,15.0
55c1bf37-f995-46bc-84a8-adc5386aedc2,2020-05-30,72.0,19.0,18.0,23.0,12.0,12.0,12.0,0.0,7.0,0.0,12.0
1d6ed318-cd7c-4513-9621-7b6047685ff3,2020-05-31,70.0,20.0,18.0,20.0,12.0,11.0,13.0,0.0,7.0,0.0,12.0
8880026f-4053-4f95-9128-e7ba1903d0c3,2020-06-01,73.0,20.0,22.0,18.0,13.0,11.0,12.0,0.0,6.0,0.0,13.0
fd9384a7-0881-43ce-aa43-c7d200152706,2020-06-02,75.0,21.0,23.0,20.0,11.0,9.0,11.0,0.0,6.0,0.0,11.0
ed19d2a6-e867-445d-aaed-8b944c6a4760,2020-06-03,65.0,18.0,22.0,15.0,10.0,8.0,11.0,0.0,6.0,0.0,10.0
dde44a49-0a37-4305-85f3-2235de1dca4f,2020-06-04,60.0,20.0,13.0,18.0,9.0,8.0,9.0,0.0,6.0,0.0,9.0
07520338-aa49-498a-b25f-ae9744637af0,2020-06-05,60.0,19.0,19.0,13.0,9.0,6.0,12.0,0.0,5.0,0.0,9.0
a4da8567-fef3-40fa-b90c-a35d69fd7072,2020-06-06,59.0,17.0,21.0,13.0,8.0,8.0,12.0,0.0,5.0,0.0,9.0
81441acc-23be-4608-9c74-6003235b38d4,2020-06-07,61.0,18.0,21.0,12.0,10.0,9.0,12.0,0.0,6.0,0.0,10.0
9ee4e1b8-5304-4b7e-b9b7-2008e653939a,2020-06-08,60.0,15.0,22.0,14.0,9.0,9.0,10.0,0.0,5.0,0.0,9.0
296d3465-9562-4a34-b1c9-1944f5726e7a,2020-06-09,63.0,13.0,22.0,19.0,9.0,11.0,12.0,0.0,5.0,0.0,9.0
0abb6ad9-54fe-4846-b00d-e9c5465dacfd,2020-06-10,66.0,15.0,25.0,15.0,11.0,12.0,13.0,0.0,5.0,0.0,11.0
95a5b139-e2d1-4ea0-a68f-b797dcca16ee,2020-06-11,65.0,17.0,20.0,16.0,12.0,10.0,15.0,0.0,4.0,0.0,12.0
0f87c57f-2257-48c0-a63c-c765a2b968af,2020-06-12,69.0,16.0,24.0,18.0,11.0,11.0,17.0,0.0,5.0,0.0,11.0
2b9b39de-26f7-4582-8a5f-c2187459c290,2020-06-13,67.0,15.0,20.0,20.0,12.0,10.0,17.0,0.0,5.0,0.0,12.0
d55a4e89-016f-47df-ac60-2c201eb86d11,2020-06-14,68.0,17.0,21.0,20.0,10.0,11.0,15.0,0.0,5.0,0.0,10.0
6a8cb9e7-1d09-48d1-a5ec-4bfe9d89fe18,2020-06-15,77.0,24.0,24.0,20.0,9.0,8.0,16.0,0.0,3.0,0.0,9.0
5d776de9-21e7-4194-9edc-ede56486cf19,2020-06-16,78.0,22.0,28.0,20.0,8.0,4.0,14.0,0.0,2.0,0.0,8.0
f8c71e04-1f77-4022-ae75-73ca2ec4e31d,2020-06-17,84.0,26.0,28.0,23.0,7.0,6.0,13.0,0.0,3.0,0.0,8.0
e4d06c7c-c4de-40f2-9e47-981b937813b3,2020-06-18,83.0,27.0,24.0,22.0,10.0,8.0,11.0,0.0,4.0,0.0,10.0
c891a3c2-8bd9-4566-932a-9fef5c610b08,2020-06-19,82.0,27.0,23.0,24.0,8.0,7.0,9.0,0.0,5.0,0.0,8.0
477321cb-6270-4041-b0cb-857d5204e9b9,2020-06-20,80.0,28.0,21.0,22.0,9.0,7.0,10.0,0.0,5.0,0.0,9.0
ff501e49-bc97-4833-b2ea-8f7ab451e8cd,2020-06-21,74.0,21.0,19.0,25.0,9.0,9.0,10.0,0.0,6.0,0.0,9.0
7d5d9a34-ada9-40fa-a1d8-10148736485e,2020-06-22,75.0,21.0,20.0,25.0,9.0,9.0,9.0,0.0,6.0,0.0,9.0
0c388e91-7349-4dee-af1e-210fb145ef8d,2020-06-23,77.0,21.0,19.0,28.0,9.0,6.0,14.0,0.0,4.0,0.0,9.0
ba50a259-e819-473b-b0e7-75eab078996b,2020-06-24,78.0,16.0,21.0,28.0,13.0,7.0,10.0,0.0,5.0,0.0,13.0
dd824df2-32cc-4b33-ab77-c75ef822f24b,2020-06-25,67.0,12.0,18.0,25.0,12.0,9.0,14.0,0.0,5.0,0.0,12.0
af651b44-d2e9-46aa-a9cd-ad13115a5be6,2020-06-26,64.0,12.0,15.0,26.0,11.0,8.0,18.0,0.0,4.0,0.0,11.0
ad50ae3b-dfa9-4b00-985f-a381be26ac81,2020-06-27,61.0,10.0,13.0,27.0,11.0,9.0,23.0,0.0,2.0,0.0,11.0
997c3d14-7446-49e3-aa25-b2f80dd62b08,2020-06-28,66.0,11.0,14.0,28.0,13.0,10.0,24.0,0.0,4.0,0.0,14.0
7d1c1c72-039f-421c-8573-8a274fd5de9c,2020-06-29,69.0,13.0,13.0,32.0,11.0,10.0,26.0,0.0,4.0,0.0,11.0
4884fb84-805d-44bc-a78e-71ad52d5bfdc,2020-06-30,71.0,15.0,12.0,33.0,11.0,8.0,27.0,0.0,4.0,0.0,11.0
11708e92-34f7-4092-aa96-c7c55a264447,2020-07-01,75.0,15.0,18.0,32.0,10.0,10.0,28.0,0.0,4.0,0.0,10.0
5b153a88-138c-47bb-8d83-c59b74cd37d4,2020-07-02,72.0,11.0,22.0,28.0,11.0,10.0,28.0,0.0,3.0,0.0,11.0
47f919d7-8012-4178-a3f7-b9c73ed4165c,2020-07-03,71.0,13.0,22.0,25.0,11.0,11.0,28.0,0.0,3.0,0.0,11.0
d7a01ae5-6521-409a-a783-5da41188af47,2020-07-04,70.0,15.0,20.0,22.0,13.0,11.0,29.0,0.0,4.0,0.0,13.0
06be8fcf-f4e7-40f8-99c8-2feacb29c4c4,2020-07-05,73.0,14.0,24.0,22.0,13.0,13.0,24.0,0.0,6.0,1.0,13.0
21c14052-fa0e-4678-b95c-7fc96fa906bc,2020-07-06,69.0,11.0,25.0,23.0,10.0,11.0,22.0,0.0,5.0,1.0,10.0
f604c298-1286-4080-9326-87bee60e5b15,2020-07-07,77.0,14.0,28.0,24.0,11.0,13.0,24.0,0.0,7.0,1.0,11.0
3d4a40f3-dede-4dad-ab9b-abf7bef25b71,2020-07-08,85.0,17.0,29.0,29.0,10.0,14.0,30.0,0.0,6.0,1.0,10.0
492622cf-28a4-4a31-9f30-b3f5953f96a8,2020-07-09,73.0,10.0,25.0,23.0,15.0,15.0,25.0,0.0,8.0,1.0,15.0
acc52d5e-6875-4839-a2e2-b7cfe41a4ab0,2020-07-10,69.0,12.0,18.0,24.0,15.0,15.0,27.0,0.0,9.0,1.0,15.0
d1475435-62f2-46b1-978c-ac8e78ead02c,2020-07-11,64.0,11.0,18.0,21.0,14.0,13.0,26.0,0.0,10.0,0.0,14.0
0a4027ed-23e4-4a63-a81c-7213cd3dc729,2020-07-12,65.0,8.0,20.0,22.0,15.0,14.0,28.0,0.0,11.0,0.0,15.0
f39016b0-7fe7-4bb8-9873-39f8f038b42e,2020-07-13,71.0,7.0,23.0,22.0,19.0,14.0,32.0,0.0,11.0,1.0,19.0
49ec5442-a879-4ea4-ac8e-b675fb2c2fb8,2020-07-14,71.0,7.0,25.0,22.0,17.0,13.0,34.0,0.0,11.0,1.0,17.0
5fde3776-bfea-41f0-9682-16962771efea,2020-07-15,80.0,13.0,28.0,22.0,17.0,12.0,31.0,0.0,11.0,1.0,17.0
bedc5c20-dfc4-4f75-a1ab-51c28b5b6bc8,2020-07-16,76.0,15.0,20.0,20.0,21.0,14.0,34.0,0.0,12.0,2.0,21.0
39bd9654-cd0c-42f2-9c38-97e4f0580969,2020-07-17,74.0,11.0,22.0,21.0,20.0,13.0,34.0,0.0,11.0,2.0,20.0
00aae085-0419-4b53-88e1-1037bc5a6d06,2020-07-18,74.0,14.0,23.0,18.0,19.0,12.0,33.0,0.0,11.0,1.0,19.0
3cf59ef3-d07e-49df-9bde-763a3fede5bb,2020-07-19,74.0,11.0,24.0,20.0,19.0,14.0,34.0,0.0,12.0,2.0,19.0
123f1b86-2c73-4b52-9ece-740376313e4f,2020-07-20,71.0,12.0,25.0,16.0,18.0,14.0,30.0,0.0,11.0,2.0,18.0
9229182d-dd40-4fb2-8081-411df1566cea,2020-07-21,78.0,16.0,22.0,18.0,22.0,13.0,30.0,0.0,10.0,2.0,22.0
762f03b2-cc02-4e88-bc15-a21d7a0f47fb,2020-07-22,92.0,26.0,27.0,18.0,21.0,12.0,30.0,0.0,10.0,2.0,21.0
2439dfea-ea21-4054-bba2-f8d5f95cecd1,2020-07-23,91.0,22.0,25.0,24.0,20.0,14.0,34.0,0.0,10.0,2.0,20.0
19cb2421-0c0e-49ee-b256-4ae544cdda3b,2020-07-24,94.0,22.0,26.0,30.0,16.0,15.0,25.0,0.0,10.0,2.0,16.0
b042dd60-81fa-4cde-934e-80844e35ba8b,2020-07-25,92.0,20.0,30.0,27.0,15.0,14.0,25.0,0.0,9.0,1.0,15.0
15847fce-22fd-4b4a-a4d2-d775a3bbf4af,2020-07-26,91.0,20.0,31.0,26.0,14.0,14.0,27.0,0.0,9.0,1.0,14.0
c8bd98c2-d836-4ea9-be80-df276ba054ed,2020-07-27,109.0,29.0,37.0,26.0,17.0,16.0,30.0,0.0,11.0,1.0,17.0
1a0c6bf3-bda0-4612-b0f8-b46ae9739d72,2020-07-28,114.0,30.0,36.0,31.0,17.0,16.0,30.0,0.0,12.0,1.0,18.0
3713a4f8-0dba-4510-b1ce-a2a4cd7b79fa,2020-07-29,116.0,27.0,36.0,35.0,18.0,18.0,33.0,0.0,13.0,1.0,19.0
f4d5b189-3ee7-4361-b063-befe2301b693,2020-07-30,117.0,22.0,35.0,40.0,20.0,18.0,35.0,0.0,14.0,1.0,20.0
d93c4b7c-96e8-4ba4-b2c2-55030feebdac,2020-07-31,114.0,25.0,30.0,40.0,19.0,17.0,32.0,0.0,11.0,1.0,19.0
2b3e7efb-6306-44d2-987e-d44b6c7776f1,2020-08-01,116.0,26.0,35.0,36.0,19.0,15.0,30.0,0.0,10.0,1.0,19.0
98988d7d-aa93-4226-bc1e-340493caf259,2020-08-02,109.0,23.0,34.0,34.0,18.0,15.0,27.0,0.0,12.0,1.0,19.0
839a63dc-4d9d-4461-af26-d84d96b89ed0,2020-08-03,113.0,25.0,33.0,39.0,16.0,14.0,35.0,0.0,10.0,1.0,16.0
f6fd1be3-a09a-4cc2-9dc7-8c0533b1c231,2020-08-04,115.0,20.0,45.0,37.0,13.0,14.0,35.0,0.0,9.0,1.0,13.0
88967d0f-1a10-40c7-b0ed-c4c80e6c01c7,2020-08-05,110.0,20.0,45.0,30.0,15.0,15.0,24.0,0.0,8.0,1.0,15.0
9a0560b7-e19d-498f-ae93-1a7134c40942,2020-08-06,105.0,19.0,44.0,28.0,14.0,15.0,22.0,0.0,10.0,1.0,14.0
503d08f6-befa-4ad4-897d-071a4144c307,2020-08-07,106.0,16.0,45.0,29.0,16.0,17.0,22.0,0.0,10.0,1.0,16.0
04a951a6-0f29-4fcc-b565-4c68f459be6d,2020-08-08,104.0,17.0,41.0,30.0,16.0,12.0,21.0,0.0,8.0,1.0,16.0
f2b161b2-f35b-443c-b5e8-bf7fdfd45515,2020-08-09,107.0,15.0,48.0,27.0,17.0,20.0,27.0,0.0,11.0,1.0,17.0
6f93b7fd-ce8d-4a6d-a34d-67ddebc52d69,2020-08-10,113.0,21.0,42.0,27.0,23.0,22.0,29.0,0.0,14.0,1.0,23.0
f214e44e-032d-4696-afe3-7594f97ee791,2020-08-11,110.0,17.0,39.0,31.0,23.0,21.0,31.0,0.0,14.0,1.0,23.0
2d128e15-b2a4-41ec-a7f9-881e26ba94fa,2020-08-12,101.0,9.0,36.0,34.0,22.0,22.0,29.0,0.0,15.0,1.0,22.0
d24893a4-4f3d-4c06-8112-c9683161c5e9,2020-08-13,106.0,10.0,35.0,38.0,23.0,23.0,30.0,0.0,16.0,1.0,23.0
6a942839-c33c-4290-b2da-a40192d65ce6,2020-08-14,113.0,7.0,45.0,37.0,24.0,22.0,33.0,0.0,16.0,1.0,24.0
9b8cdaac-ab2d-4639-b406-5bdb81e50667,2020-08-15,103.0,6.0,43.0,28.0,26.0,21.0,34.0,0.0,15.0,1.0,26.0
22d19207-ca11-4356-9ad2-1dc742a8ea06,2020-08-16,101.0,6.0,40.0,31.0,24.0,21.0,32.0,0.0,17.0,1.0,25.0
618845ae-11fa-461f-842d-a7bb169ec952,2020-08-17,113.0,10.0,50.0,27.0,26.0,22.0,24.0,0.0,18.0,1.0,27.0
977a925f-4773-4eb1-8300-b551d8a4cee6,2020-08-18,103.0,8.0,43.0,27.0,25.0,25.0,27.0,0.0,18.0,1.0,26.0
b4385b4e-861f-4e74-aef8-579c3f01a8e5,2020-08-19,108.0,7.0,46.0,31.0,24.0,27.0,26.0,0.0,20.0,1.0,25.0
83fdaafd-12da-44ba-bb56-47d83dc8cc12,2020-08-20,116.0,8.0,49.0,35.0,24.0,26.0,33.0,0.0,20.0,1.0,24.0
2ea3bc7e-8ad8-4f39-ba44-bddc1e72dd17,2020-08-21,119.0,11.0,46.0,38.0,24.0,24.0,34.0,0.0,18.0,1.0,24.0
1e4dbfc0-1d7e-48bd-8359-b1580d699c95,2020-08-22,124.0,8.0,54.0,36.0,26.0,26.0,36.0,0.0,19.0,1.0,26.0
4ba85104-9c1e-43ca-9eed-b0fa46cc605d,2020-08-23,128.0,10.0,53.0,41.0,24.0,29.0,46.0,0.0,19.0,1.0,24.0
8873ac17-02aa-4755-bc4e-6fcf0408aa94,2020-08-24,129.0,10.0,48.0,39.0,32.0,33.0,47.0,0.0,21.0,1.0,32.0
819aeaae-da87-4f56-a4e2-32684de42d0b,2020-08-25,131.0,13.0,53.0,33.0,32.0,29.0,41.0,0.0,19.0,1.0,32.0
d8bc483e-8d02-427b-89a3-3ce1952eef28,2020-08-26,136.0,9.0,62.0,33.0,32.0,31.0,41.0,0.0,20.0,0.0,33.0
eee86774-c5ad-4f33-a3bb-19bf8577a2f1,2020-08-27,147.0,12.0,52.0,51.0,32.0,34.0,49.0,0.0,22.0,0.0,33.0
00133037-92af-4699-a0e9-3f7a1203ee1e,2020-08-28,156.0,9.0,53.0,57.0,37.0,37.0,62.0,0.0,22.0,0.0,37.0
cb8d1342-e1dd-43ee-896c-7d9fa55dc2e1,2020-08-29,155.0,11.0,50.0,58.0,36.0,37.0,58.0,0.0,25.0,0.0,36.0
7e8f2492-0cf4-4453-8696-a37dc68a34aa,2020-08-30,154.0,7.0,57.0,54.0,36.0,39.0,58.0,0.0,25.0,0.0,36.0
76cd2898-5cfa-4b61-a4a1-f159d4f5a344,2020-08-31,171.0,8.0,67.0,60.0,36.0,40.0,57.0,0.0,26.0,0.0,36.0
130303fb-9079-409c-b554-8be70757140c,2020-09-01,178.0,10.0,70.0,57.0,41.0,45.0,60.0,0.0,27.0,0.0,41.0
9a256af2-3863-4226-bc3b-1a1eac651a2a,2020-09-02,180.0,15.0,66.0,57.0,42.0,49.0,53.0,0.0,29.0,0.0,42.0
94e3ce4b-af36-4baf-8e9b-712da168b91b,2020-09-03,195.0,20.0,74.0,57.0,44.0,46.0,55.0,0.0,32.0,0.0,44.0
104c964e-1fd2-4409-810f-692cefc6e57b,2020-09-04,207.0,16.0,82.0,60.0,49.0,51.0,56.0,0.0,34.0,1.0,50.0
7a407a07-4eb3-4c32-85ff-3b07409f5e11,2020-09-05,209.0,12.0,78.0,67.0,52.0,49.0,67.0,0.0,34.0,0.0,52.0
d2cba2d6-598a-478a-b204-02a6736a8841,2020-09-06,220.0,12.0,81.0,71.0,56.0,52.0,74.0,0.0,36.0,0.0,56.0
702c3a1f-a911-49c1-b27d-d3aace6943c5,2020-09-07,256.0,16.0,97.0,78.0,65.0,53.0,85.0,0.0,40.0,0.0,66.0
3644eec7-08b5-4fc5-a246-b5e19982aca8,2020-09-08,253.0,20.0,84.0,92.0,57.0,50.0,86.0,0.0,37.0,1.0,57.0
47376e30-71c4-4b2e-afb1-712f799e073a,2020-09-09,266.0,18.0,85.0,102.0,61.0,55.0,102.0,0.0,40.0,1.0,62.0
a90efa55-a40b-4aac-8814-a9497df59f02,2020-09-10,272.0,15.0,86.0,104.0,67.0,58.0,103.0,0.0,42.0,1.0,67.0
19b3d8d5-2c1f-4f86-a5dc-168688a970fa,2020-09-11,310.0,14.0,114.0,116.0,66.0,62.0,123.0,0.0,44.0,1.0,67.0
e24048f1-5ab2-4e67-96ac-ed8c73b98240,2020-09-12,283.0,14.0,96.0,110.0,63.0,57.0,118.0,0.0,42.0,1.0,64.0
242c5399-2bbb-44c9-ab24-e40d07c2889a,2020-09-13,305.0,12.0,108.0,120.0,65.0,63.0,131.0,0.0,45.0,1.0,66.0
1a03bb8f-85bf-493a-a9b3-5a3c11457152,2020-09-14,339.0,20.0,124.0,120.0,75.0,70.0,135.0,0.0,42.0,1.0,75.0
3c2b0ca7-4b80-48b0-ba66-9f8ef6514087,2020-09-15,369.0,21.0,152.0,122.0,74.0,70.0,145.0,0.0,42.0,1.0,74.0
ce44a042-ebfc-433d-ac73-7f162e8ffcfa,2020-09-16,399.0,24.0,161.0,134.0,80.0,74.0,166.0,0.0,43.0,2.0,80.0
31f86d7e-9839-4a67-8737-ccfd1f0ca265,2020-09-17,495.0,32.0,205.0,167.0,91.0,81.0,193.0,0.0,50.0,4.0,91.0
d11821d0-ba4a-45f0-8923-96eda0615baa,2020-09-18,525.0,41.0,195.0,193.0,96.0,98.0,206.0,0.0,58.0,4.0,97.0
001fe91a-430f-4edd-b83d-e5349054e942,2020-09-19,508.0,30.0,188.0,197.0,93.0,112.0,221.0,0.0,57.0,3.0,94.0
05214f1d-4700-43c2-848f-36150ccf1141,2020-09-20,532.0,23.0,200.0,203.0,106.0,122.0,233.0,0.0,59.0,3.0,107.0
fb93bfd1-1fdd-4c19-a286-f0b6885edc26,2020-09-21,613.0,32.0,237.0,231.0,113.0,144.0,268.0,0.0,71.0,3.0,114.0
b6dae087-10d1-4524-9255-459595b33d9c,2020-09-22,637.0,42.0,238.0,237.0,120.0,137.0,270.0,0.0,75.0,2.0,123.0
c2ce5676-f885-4e6f-a425-5766578e5a71,2020-09-23,710.0,52.0,258.0,265.0,135.0,147.0,307.0,0.0,80.0,2.0,139.0
4ba0142f-5e54-4818-be84-128cbe13eb2c,2020-09-24,768.0,52.0,270.0,291.0,155.0,157.0,347.0,0.0,93.0,4.0,157.0
7e2776c6-602c-497e-b100-f35b2a5a0c80,2020-09-25,825.0,48.0,296.0,317.0,164.0,158.0,382.0,0.0,96.0,3.0,167.0
439f9eb8-2341-46c4-9356-4e56b8114d66,2020-09-26,797.0,33.0,254.0,326.0,184.0,163.0,401.0,0.0,98.0,3.0,187.0
78c589e9-f696-488f-bbc9-35a8d349c9dd,2020-09-27,823.0,33.0,268.0,334.0,188.0,178.0,412.0,0.0,107.0,3.0,193.0
da7eba13-8372-47a1-ae4e-6e286ed2e08b,2020-09-28,845.0,34.0,290.0,324.0,197.0,191.0,443.0,0.0,101.0,2.0,198.0
7f2d6f61-3b32-42b8-bb7b-340e02d22bc0,2020-09-29,998.0,64.0,350.0,380.0,204.0,197.0,469.0,0.0,109.0,1.0,206.0
aa35ef47-4703-485e-a303-2a364c894966,2020-09-30,1062.0,78.0,365.0,423.0,196.0,196.0,500.0,0.0,111.0,2.0,197.0
4985db9f-7115-4140-9343-352beab9c54e,2020-10-01,1164.0,70.0,413.0,449.0,232.0,219.0,535.0,0.0,126.0,3.0,233.0
375d9d10-a2ac-4469-a1cf-68b6bc014f6d,2020-10-02,1241.0,64.0,439.0,494.0,244.0,225.0,571.0,0.0,127.0,3.0,245.0
57a20d27-1ecd-4351-afe5-c74c1e1b5eba,2020-10-03,1209.0,44.0,418.0,484.0,263.0,254.0,600.0,0.0,127.0,2.0,264.0
6430d220-b432-48aa-835f-2a7ab85fb030,2020-10-04,1281.0,50.0,421.0,545.0,265.0,268.0,626.0,1.0,130.0,2.0,266.0
5f1938bf-9149-4bed-b35e-34d9836664b9,2020-10-05,1488.0,90.0,470.0,614.0,314.0,282.0,692.0,2.0,146.0,3.0,321.0
cad4a6b7-f62e-4aa5-b17e-aded6b51926f,2020-10-06,1634.0,117.0,525.0,661.0,331.0,316.0,736.0,2.0,156.0,4.0,336.0
4af224ae-5f57-4413-8642-4bbd6d8dce25,2020-10-07,1786.0,162.0,539.0,721.0,364.0,346.0,818.0,11.0,173.0,4.0,369.0
44312d1f-d757-4e92-9c45-cfe2a3ab757a,2020-10-08,1957.0,185.0,607.0,761.0,404.0,358.0,898.0,24.0,175.0,4.0,407.0
76dc8bf2-4b56-4cec-9ad4-7151b4ba052c,2020-10-09,2149.0,207.0,631.0,898.0,413.0,389.0,965.0,56.0,192.0,5.0,419.0
b8756b9a-c00d-4be5-a2cc-ea2235d3cc84,2020-10-10,2168.0,216.0,592.0,923.0,437.0,420.0,1024.0,63.0,206.0,4.0,442.0
228355c2-2d1f-462d-8a58-8717c044a3d5,2020-10-11,2220.0,201.0,632.0,977.0,410.0,411.0,1093.0,60.0,193.0,3.0,414.0
5d72a34f-7ae1-4a2b-b094-31aeffe22db1,2020-10-12,2579.0,274.0,805.0,1032.0,468.0,435.0,1178.0,66.0,217.0,2.0,475.0
edd4ed8c-d7f3-407c-9afb-03c5a3f2edb5,2020-10-13,2692.0,312.0,822.0,1063.0,495.0,451.0,1195.0,72.0,234.0,4.0,501.0
b8dd4161-0343-49fa-ad28-63e5b6723627,2020-10-14,2990.0,327.0,930.0,1212.0,521.0,478.0,1322.0,73.0,245.0,5.0,523.0
3fe15cb5-0e75-44c9-885f-4f73bff276e8,2020-10-15,3207.0,346.0,915.0,1406.0,540.0,514.0,1502.0,79.0,269.0,7.0,543.0
36b25195-6aad-41f2-a703-b50076a15a66,2020-10-16,3452.0,355.0,1037.0,1487.0,573.0,555.0,1604.0,85.0,290.0,9.0,578.0
6b1ad6c8-1bf0-4bf9-8d2e-626d6c88da79,2020-10-17,3552.0,321.0,1073.0,1603.0,555.0,573.0,1672.0,88.0,302.0,10.0,559.0
34a2da75-568d-4175-bccf-c42024458e27,2020-10-18,3713.0,274.0,1188.0,1689.0,562.0,598.0,1775.0,94.0,312.0,12.0,566.0
eee51538-0d83-47df-a44a-8632c50a0f08,2020-10-19,4154.0,340.0,1345.0,1856.0,613.0,622.0,1897.0,89.0,329.0,14.0,619.0
ac8f8800-6467-4228-bad4-1b6d8a27b96b,2020-10-20,4450.0,376.0,1443.0,1991.0,640.0,642.0,2035.0,104.0,344.0,14.0,642.0
3ceeeb1e-9fe3-4112-bf23-9a87eec8e183,2020-10-21,4868.0,452.0,1600.0,2114.0,702.0,704.0,2185.0,119.0,362.0,14.0,709.0
6ced1c17-0b2d-412d-a9c5-daab951984e3,2020-10-22,5108.0,498.0,1670.0,2221.0,719.0,751.0,2326.0,120.0,382.0,13.0,729.0
5b54b7c0-0120-480d-9827-fb954559a654,2020-10-23,5456.0,582.0,1793.0,2336.0,745.0,762.0,2387.0,125.0,379.0,16.0,752.0
6af3b2ae-4e7a-4cb3-95f1-e515193ac3e9,2020-10-24,5373.0,527.0,1694.0,2391.0,761.0,760.0,2503.0,147.0,377.0,12.0,770.0
6e4f34f8-a6bf-4c45-9913-909f6eeafdb6,2020-10-25,5684.0,570.0,1798.0,2506.0,810.0,802.0,2640.0,145.0,387.0,6.0,814.0
fde1e6dc-a79f-4fb4-9ee3-f42509121ade,2020-10-26,6201.0,621.0,1974.0,2728.0,878.0,884.0,2844.0,152.0,433.0,5.0,883.0
9bb9b0e3-2e1f-459b-a6de-997985b91dad,2020-10-27,6533.0,708.0,2054.0,2835.0,936.0,876.0,2978.0,153.0,457.0,5.0,941.0
d047ee9b-066d-4778-accd-c08d5ca523cb,2020-10-28,6573.0,686.0,1998.0,2885.0,1004.0,888.0,3039.0,178.0,468.0,6.0,1013.0
a7278cd2-a17e-452d-b59f-da1f46322ff2,2020-10-29,7273.0,865.0,2277.0,3095.0,1036.0,995.0,3255.0,190.0,523.0,8.0,1048.0
ab5f0305-3f51-48e0-bdc2-1e7d263549aa,2020-10-30,7657.0,880.0,2488.0,3208.0,1081.0,1030.0,3306.0,192.0,535.0,7.0,1093.0
72ea0e05-ae7a-43d5-a509-804413a94470,2020-10-31,7333.0,822.0,2287.0,3108.0,1116.0,1069.0,3369.0,204.0,561.0,7.0,1125.0
438e3d1e-2118-4a9d-a50b-b6429f362976,2020-11-01,7462.0,809.0,2271.0,3240.0,1142.0,1118.0,3452.0,208.0,577.0,7.0,1144.0
097e6b89-4b85-4acc-a67d-8fc7132ee443,2020-11-02,8037.0,930.0,2586.0,3333.0,1188.0,1154.0,3569.0,224.0,605.0,7.0,1194.0
3ffe0375-e9c7-467e-9c23-e507c4d24518,2020-11-03,8136.0,926.0,2642.0,3361.0,1207.0,1180.0,3593.0,226.0,627.0,9.0,1213.0
0af0b376-e80e-4bd1-a9e3-440cd1f1fa74,2020-11-04,8213.0,967.0,2739.0,3361.0,1146.0,1166.0,3568.0,226.0,605.0,8.0,1153.0
d5c2888e-5736-40ad-bcb0-50ccc97e76cf,2020-11-05,8224.0,959.0,2782.0,3331.0,1152.0,1176.0,3495.0,236.0,596.0,9.0,1158.0
9556ec82-2363-46eb-b50d-b790ebeedc49,2020-11-06,8143.0,912.0,2787.0,3277.0,1167.0,1212.0,3438.0,275.0,603.0,12.0,1172.0
3e07027e-135a-4e3e-b91e-dad93ba9e7af,2020-11-07,7509.0,797.0,2432.0,3157.0,1123.0,1157.0,3363.0,271.0,584.0,12.0,1127.0
7aa38d0a-a4a9-44de-bae4-0cb0dd670364,2020-11-08,7486.0,755.0,2394.0,3208.0,1129.0,1167.0,3367.0,282.0,583.0,13.0,1134.0
708b4125-ccac-4a54-b26f-f71e1f1c6f4f,2020-11-09,7783.0,890.0,2605.0,3158.0,1130.0,1181.0,3305.0,283.0,609.0,19.0,1139.0
88155092-6fa0-4c89-9088-079abc8ebcd4,2020-11-10,7596.0,907.0,2515.0,3090.0,1084.0,1169.0,3208.0,300.0,604.0,19.0,1090.0
68204f1a-3025-4dbf-93b0-e3dae2056971,2020-11-11,7365.0,918.0,2434.0,2975.0,1038.0,1110.0,2975.0,292.0,582.0,18.0,1049.0
e13b037f-dfff-4ee9-9723-506d37208c84,2020-11-12,7203.0,942.0,2327.0,2870.0,1064.0,1105.0,2897.0,321.0,557.0,17.0,1078.0
c3eae771-c806-4cd8-a6a3-760257069bd1,2020-11-13,7118.0,950.0,2336.0,2786.0,1046.0,1101.0,2755.0,330.0,545.0,16.0,1060.0
6c6a27d1-84e9-4e2d-882a-d9c1b9ccefd8,2020-11-14,6574.0,836.0,2096.0,2617.0,1025.0,1068.0,2634.0,332.0,526.0,15.0,1036.0
c420f354-dc67-4e47-b5dd-7d66500326ba,2020-11-15,6421.0,788.0,2059.0,2562.0,1012.0,1045.0,2560.0,315.0,517.0,15.0,1020.0
9632d4ad-d314-47dc-a94c-f91095298c7a,2020-11-16,6655.0,891.0,2251.0,2550.0,963.0,1040.0,2566.0,291.0,503.0,15.0,972.0
be24b0cb-4e0d-4561-8cb4-a57fb085fac7,2020-11-17,6188.0,788.0,2024.0,2478.0,898.0,996.0,2489.0,285.0,470.0,14.0,911.0
20e190de-77f8-4f1a-bd3b-c58dd35bad80,2020-11-18,6568.0,936.0,2278.0,2462.0,892.0,1007.0,2450.0,285.0,473.0,16.0,904.0
0abaa883-b1ef-4c2c-8688-deefd00bcb96,2020-11-19,6328.0,837.0,2228.0,2376.0,887.0,974.0,2371.0,284.0,465.0,18.0,896.0
9ec64d3b-f27d-4e23-aa4a-8a688c086274,2020-11-20,6085.0,831.0,2115.0,2311.0,828.0,960.0,2273.0,279.0,445.0,20.0,836.0
a8788483-1c8f-4b91-a199-200212fde9f3,2020-11-21,5426.0,672.0,1736.0,2197.0,821.0,944.0,2152.0,279.0,449.0,23.0,829.0
441075d1-68c6-4fbe-aba6-8ca11e58ae04,2020-11-22,5372.0,638.0,1758.0,2161.0,815.0,958.0,2136.0,275.0,446.0,23.0,824.0
e70d8b27-bb63-4f70-8d51-e16889cbcb03,2020-11-23,5725.0,833.0,1908.0,2159.0,825.0,950.0,2163.0,274.0,437.0,21.0,832.0
fe8e9def-6e48-4fd7-a8cc-84edde7d112b,2020-11-24,5551.0,815.0,1856.0,2085.0,795.0,881.0,2103.0,278.0,407.0,22.0,804.0
3c76cfc6-6cbe-4148-8f5c-0a7621102ea3,2020-11-25,5328.0,768.0,1770.0,2039.0,751.0,856.0,2027.0,266.0,390.0,19.0,762.0
6307b356-fda3-4287-84e9-610d9d38f965,2020-11-26,5173.0,753.0,1735.0,1937.0,748.0,843.0,1935.0,260.0,395.0,18.0,757.0
76fd3089-6b56-4a09-86cb-f1d8c57e3c36,2020-11-27,4961.0,742.0,1645.0,1864.0,710.0,800.0,1812.0,240.0,369.0,17.0,716.0
58bc2f0f-ce20-46a7-886a-9e11c920d7ee,2020-11-28,4480.0,566.0,1436.0,1821.0,657.0,780.0,1508.0,232.0,359.0,12.0,661.0
f739b79f-8b01-4cda-8a7a-cc6e8112d554,2020-11-29,4546.0,618.0,1441.0,1844.0,643.0,765.0,1547.0,238.0,342.0,12.0,646.0
6b6f570a-3463-4487-995d-ec23a749d1dc,2020-11-30,4839.0,696.0,1630.0,1842.0,671.0,791.0,1541.0,240.0,350.0,11.0,673.0
48b8e36e-46bf-4548-95ce-335bd756fc2c,2020-12-01,4663.0,673.0,1561.0,1833.0,596.0,733.0,1531.0,219.0,322.0,10.0,599.0
a0261827-95ba-4386-b294-881a17e157ee,2020-12-02,4559.0,660.0,1547.0,1756.0,596.0,717.0,1471.0,227.0,309.0,11.0,599.0
08020061-a7c5-4ff1-84c1-f4aab528c7a0,2020-12-03,4536.0,607.0,1544.0,1798.0,587.0,718.0,1465.0,237.0,295.0,11.0,590.0
6c2fb500-6ca2-43a4-be05-c07a76f9fada,2020-12-04,4475.0,666.0,1449.0,1778.0,582.0,715.0,1496.0,227.0,294.0,11.0,586.0
bde09b6f-218c-4faa-944d-fed5cae36c60,2020-12-05,4109.0,560.0,1246.0,1734.0,569.0,692.0,1482.0,212.0,301.0,11.0,571.0
f35a080c-6f61-4301-a305-187e336a8c4a,2020-12-06,4157.0,543.0,1294.0,1759.0,561.0,680.0,1508.0,219.0,298.0,12.0,564.0
506e2f0e-8d00-4ad7-ba55-4204a747fdc2,2020-12-07,4509.0,648.0,1452.0,1842.0,567.0,714.0,1556.0,226.0,293.0,11.0,570.0
b9e56724-73f2-4a20-aca9-28ec2d1d98e3,2020-12-08,4406.0,630.0,1392.0,1825.0,559.0,702.0,1528.0,223.0,290.0,8.0,562.0
f737c152-58ba-4636-bb4c-915e32876c7e,2020-12-09,4461.0,602.0,1455.0,1863.0,541.0,687.0,1571.0,217.0,281.0,10.0,544.0
7fb5a029-d3f5-4712-8787-60479ce550b8,2020-12-10,4561.0,605.0,1532.0,1861.0,563.0,712.0,1590.0,215.0,300.0,7.0,566.0
36c1f246-6b87-469e-af96-081397cf6436,2020-12-11,4536.0,597.0,1517.0,1839.0,583.0,702.0,1562.0,214.0,313.0,9.0,584.0
91703fe4-9069-4a31-b2e2-3c7d1790a968,2020-12-12,4315.0,514.0,1372.0,1863.0,566.0,696.0,1604.0,227.0,307.0,6.0,570.0
5066b46f-3b17-4b3e-a5e2-5fa94f1c513c,2020-12-13,4414.0,503.0,1410.0,1922.0,579.0,710.0,1642.0,221.0,305.0,7.0,582.0
3c23adca-42b6-4842-b97d-4ac5998448cd,2020-12-14,4775.0,680.0,1523.0,1964.0,608.0,728.0,1681.0,246.0,315.0,9.0,611.0
f34770a1-fa1d-4ac6-93b0-4cb35a07dff6,2020-12-15,4747.0,660.0,1484.0,2006.0,597.0,725.0,1705.0,234.0,311.0,9.0,599.0
7345f73f-afae-4b2d-b854-d4a5baf3bb9f,2020-12-16,4715.0,638.0,1465.0,2009.0,603.0,735.0,1690.0,241.0,313.0,9.0,604.0
ff6c3cc6-0b66-455e-bcad-2757d7852a83,2020-12-17,4779.0,702.0,1507.0,1970.0,600.0,725.0,1652.0,251.0,304.0,9.0,601.0
ae30e776-37d7-446c-952c-42a50476b406,2020-12-18,4782.0,690.0,1519.0,1971.0,602.0,729.0,1653.0,254.0,314.0,9.0,603.0
9d19c1b1-2c0e-4e44-85af-376578464c72,2020-12-19,4483.0,583.0,1381.0,1919.0,600.0,746.0,1645.0,266.0,309.0,10.0,601.0
4d80e583-afd0-40c5-94e5-0579a65cc553,2020-12-20,4579.0,550.0,1438.0,1974.0,617.0,755.0,1680.0,272.0,304.0,11.0,618.0
7a27786a-0997-4aa5-84f0-0a93e0c47e74,2020-12-21,4959.0,688.0,1641.0,2000.0,630.0,765.0,1680.0,275.0,309.0,10.0,631.0
f9bd65e9-50b1-44ef-a162-ae641f6dc5ed,2020-12-22,4937.0,613.0,1632.0,2053.0,639.0,770.0,1715.0,271.0,322.0,8.0,640.0
2eb6227e-68bf-4f5a-ab1a-b50be30e1a7d,2020-12-23,4973.0,625.0,1577.0,2101.0,670.0,780.0,1737.0,277.0,335.0,10.0,672.0
243047bf-dfe8-4a52-9a5e-15496c7cdd0b,2020-12-24,4310.0,449.0,1284.0,1930.0,647.0,749.0,1647.0,279.0,322.0,10.0,648.0
6e428fce-4cea-4981-ba2a-68534ea3e45d,2020-12-25,4386.0,446.0,1275.0,2006.0,659.0,769.0,1751.0,282.0,332.0,8.0,659.0
5a6a06e0-e76d-41cb-b2aa-c21af657689e,2020-12-26,4651.0,436.0,1378.0,2135.0,702.0,806.0,1864.0,300.0,351.0,10.0,702.0
d30b8875-4563-420b-a10d-f38b3a889ec2,2020-12-27,4966.0,458.0,1481.0,2294.0,733.0,847.0,1989.0,307.0,369.0,12.0,733.0
a486a796-f777-41c3-bf8f-c1a65c4c4e0d,2020-12-28,5726.0,581.0,1700.0,2660.0,785.0,906.0,2299.0,330.0,391.0,14.0,786.0
a6f12aa7-00e1-4d82-8c27-55b234a88090,2020-12-29,5977.0,588.0,1796.0,2744.0,849.0,941.0,2359.0,371.0,412.0,15.0,850.0
7f4d9dcd-05bd-4930-bd3e-69096d294523,2020-12-30,6142.0,574.0,1832.0,2871.0,865.0,956.0,2482.0,369.0,426.0,18.0,866.0
bb4f2c86-d0a9-4f10-a3a1-957b8eef9392,2020-12-31,6163.0,563.0,1816.0,2902.0,882.0,974.0,2503.0,384.0,435.0,18.0,883.0
521a75b9-8641-4b4b-8fe2-57b1ff194d80,2021-01-01,5669.0,436.0,1501.0,2837.0,895.0,951.0,2502.0,403.0,435.0,15.0,896.0
d97ad560-6250-45ce-800c-293064697330,2021-01-02,5973.0,428.0,1622.0,3022.0,901.0,962.0,2688.0,394.0,456.0,16.0,902.0
aca16b74-0229-4ba8-9c54-3ff43c27711e,2021-01-03,6286.0,448.0,1737.0,3162.0,939.0,1008.0,2804.0,402.0,475.0,18.0,940.0
d9baf623-8853-4e78-98fa-d422cdaf18d3,2021-01-04,7224.0,631.0,2113.0,3480.0,1000.0,1093.0,3027.0,426.0,512.0,20.0,1000.0
6fa5d5ae-dfbb-447d-baf6-b340617a1a56,2021-01-05,7412.0,660.0,2208.0,3495.0,1049.0,1114.0,3057.0,454.0,535.0,19.0,1049.0
3ad52360-60a9-48af-b7bf-5f3107128dff,2021-01-06,7404.0,575.0,2205.0,3534.0,1090.0,1153.0,3088.0,474.0,555.0,20.0,1091.0
4f0b9d13-d680-4715-924b-53defc39a1e7,2021-01-07,7562.0,642.0,2210.0,3581.0,1129.0,1150.0,3085.0,488.0,564.0,22.0,1130.0
9a49be88-94f4-42c7-add7-fe40b4b51e3f,2021-01-08,7351.0,641.0,2172.0,3411.0,1127.0,1143.0,2943.0,535.0,534.0,21.0,1128.0
dbb9821d-e2ed-4d68-9064-0a76e721f656,2021-01-09,6774.0,492.0,1831.0,3356.0,1095.0,1150.0,2975.0,517.0,530.0,20.0,1095.0
08d8bb55-8b78-464f-83c0-28b0e4daae52,2021-01-10,6881.0,491.0,1907.0,3361.0,1122.0,1177.0,2985.0,522.0,549.0,20.0,1122.0
ca117bf6-8226-4a98-9917-b9f808ca11fa,2021-01-11,7427.0,689.0,2128.0,3439.0,1171.0,1190.0,2987.0,544.0,566.0,20.0,1171.0
0680e008-136a-4bc7-b388-9f075ad25fff,2021-01-12,7484.0,721.0,2072.0,3532.0,1159.0,1179.0,3058.0,520.0,565.0,17.0,1159.0
7b6f183f-0096-4ed5-9be9-8f7b409bcacd,2021-01-13,7313.0,683.0,2084.0,3398.0,1148.0,1175.0,2976.0,512.0,571.0,13.0,1149.0
d3793530-cd97-460f-b73a-d7877ed769a2,2021-01-14,7234.0,699.0,2012.0,3371.0,1152.0,1186.0,2932.0,495.0,589.0,14.0,1152.0
a9df2b82-cef5-4adc-9df9-8e8992672bea,2021-01-15,7153.0,736.0,1982.0,3284.0,1151.0,1177.0,2879.0,487.0,601.0,15.0,1151.0
fe0b6df7-e196-44f8-8b8c-b197a55ca1df,2021-01-16,6533.0,582.0,1687.0,3121.0,1143.0,1168.0,2765.0,494.0,591.0,16.0,1143.0
f5f24ee1-9333-4152-9e5b-c9e37020582a,2021-01-17,6506.0,590.0,1717.0,3072.0,1127.0,1139.0,2751.0,486.0,597.0,14.0,1127.0
c19dab56-003f-44fc-9c18-6eb6d3a5b348,2021-01-18,6969.0,766.0,1959.0,3111.0,1133.0,1163.0,2706.0,486.0,594.0,15.0,1133.0
fde9fc36-2286-4296-8194-ff7092ac2b06,2021-01-19,6701.0,709.0,1895.0,2989.0,1108.0,1144.0,2643.0,484.0,584.0,15.0,1109.0
7edb299e-29a7-45b0-a044-3d91e5eeb6bc,2021-01-20,6538.0,619.0,1833.0,2986.0,1100.0,1119.0,2600.0,491.0,565.0,16.0,1100.0
a58d25d6-0d7b-4fc1-8756-e32f82828ff2,2021-01-21,6408.0,627.0,1752.0,2955.0,1074.0,1112.0,2593.0,486.0,558.0,19.0,1075.0
9aba5e18-46c7-405b-b963-801edf5a16b4,2021-01-22,6391.0,604.0,1760.0,2928.0,1099.0,1114.0,2561.0,489.0,541.0,17.0,1099.0
1185bf82-b333-4bda-bc90-746b4cd5a8f0,2021-01-23,5876.0,453.0,1523.0,2826.0,1074.0,1094.0,2527.0,483.0,536.0,19.0,1074.0
fae0e910-a73d-4b70-82e3-db25046015c6,2021-01-24,5913.0,441.0,1555.0,2853.0,1064.0,1059.0,2528.0,463.0,539.0,18.0,1064.0
baa2cddd-efda-4f37-9f20-e834fb3ed69e,2021-01-25,6338.0,603.0,1817.0,2875.0,1043.0,1084.0,2550.0,467.0,541.0,17.0,1043.0
5cdf5311-15a2-4373-aa44-9ed80935a086,2021-01-26,6306.0,575.0,1770.0,2919.0,1042.0,1047.0,2532.0,444.0,548.0,15.0,1042.0
eeacd6fc-8498-435a-a082-16910dd42fce,2021-01-27,6159.0,576.0,1742.0,2833.0,1008.0,1039.0,2427.0,424.0,549.0,17.0,1008.0
c9736a60-4d0c-473e-9ec2-c9c297e7f236,2021-01-28,6042.0,570.0,1708.0,2760.0,1004.0,1018.0,2370.0,423.0,543.0,16.0,1004.0
4ff19d94-5736-4235-867d-bd458e5d001e,2021-01-29,5978.0,570.0,1708.0,2721.0,979.0,1020.0,2352.0,425.0,515.0,16.0,979.0
518b9032-31e3-4755-8d32-9f0751f3b9ea,2021-01-30,5517.0,422.0,1424.0,2711.0,960.0,1022.0,2387.0,392.0,521.0,16.0,960.0
e89be60c-2f83-4a34-bac7-214fbf558aeb,2021-01-31,5561.0,417.0,1457.0,2718.0,969.0,1040.0,2383.0,400.0,528.0,17.0,969.0
7a04c474-ff5c-42fd-8184-0d4381bc33a8,2021-02-01,6100.0,550.0,1690.0,2838.0,1022.0,1078.0,2467.0,427.0,545.0,19.0,1022.0
103b54dd-c35b-4fd0-9314-18687dec44e3,2021-02-02,5988.0,485.0,1697.0,2773.0,1033.0,1090.0,2402.0,457.0,531.0,17.0,1033.0
5eb4c3cb-4ad3-4fec-8804-2c37096e5cf2,2021-02-03,5960.0,483.0,1672.0,2789.0,1016.0,1076.0,2425.0,452.0,530.0,16.0,1016.0
498742be-8aa8-47aa-9c12-fd6851f4b7f2,2021-02-04,5999.0,495.0,1677.0,2796.0,1031.0,1102.0,2405.0,448.0,547.0,17.0,1031.0
47dbd8a1-de8a-40c8-9531-dc37240d9ff5,2021-02-05,5984.0,504.0,1689.0,2748.0,1043.0,1087.0,2376.0,462.0,540.0,17.0,1043.0
09e06d39-a5b7-4b8b-ad9e-5ac728176b51,2021-02-06,5651.0,406.0,1503.0,2699.0,1043.0,1070.0,2355.0,461.0,526.0,17.0,1043.0
8f649c60-f669-4e11-b9c0-4f320b227e53,2021-02-07,5791.0,448.0,1526.0,2764.0,1053.0,1098.0,2418.0,455.0,545.0,14.0,1053.0
c03aca94-29e6-4fcf-ba37-aa569668782f,2021-02-08,6230.0,568.0,1725.0,2848.0,1089.0,1107.0,2478.0,481.0,539.0,15.0,1089.0
3cacad48-de37-48af-97b4-d416101e8f15,2021-02-09,6154.0,581.0,1621.0,2859.0,1093.0,1094.0,2499.0,510.0,526.0,12.0,1093.0
46273e9a-93e5-4d44-90e6-e68c59eb364d,2021-02-10,6083.0,545.0,1668.0,2775.0,1095.0,1111.0,2432.0,516.0,524.0,13.0,1095.0
919653e1-9dee-4c70-a951-d39d31593972,2021-02-11,6062.0,544.0,1603.0,2804.0,1111.0,1117.0,2465.0,516.0,546.0,16.0,1111.0
c12432c7-f1a8-4048-ae59-a454ad9154e5,2021-02-12,5995.0,536.0,1592.0,2763.0,1104.0,1115.0,2412.0,502.0,558.0,15.0,1104.0
b4f20ea4-88c5-4eb8-9fda-fc3769de7ed1,2021-02-13,5680.0,390.0,1362.0,2824.0,1104.0,1108.0,2481.0,518.0,563.0,16.0,1104.0
8cd54e80-5a23-42b8-a31d-718523de7729,2021-02-14,5891.0,388.0,1394.0,2961.0,1148.0,1148.0,2599.0,542.0,581.0,14.0,1148.0
fe6bdc63-92bd-41ba-b388-488b905c8337,2021-02-15,6388.0,505.0,1626.0,3059.0,1198.0,1174.0,2634.0,594.0,571.0,16.0,1198.0
2b4e871b-fc26-46cc-98b8-ccc2477e667c,2021-02-16,6421.0,514.0,1609.0,3066.0,1232.0,1217.0,2670.0,595.0,596.0,17.0,1232.0
09103687-b9f4-4714-a6fc-2714061b61d9,2021-02-17,6500.0,458.0,1625.0,3141.0,1276.0,1245.0,2733.0,619.0,609.0,17.0,1276.0
2328d336-0dfa-4e58-8dfe-d398b4337073,2021-02-18,6611.0,435.0,1688.0,3198.0,1290.0,1270.0,2777.0,620.0,618.0,18.0,1290.0
fa6b12ff-6c26-42b1-926d-73d52fd58fb0,2021-02-19,6615.0,437.0,1734.0,3143.0,1301.0,1273.0,2696.0,625.0,636.0,16.0,1301.0
7521a059-1f25-4df3-b057-3fc3d8c1cda6,2021-02-20,6214.0,351.0,1468.0,3099.0,1296.0,1270.0,2705.0,601.0,656.0,16.0,1296.0
a135477d-fc52-4186-98ed-3c98e150230d,2021-02-21,6419.0,393.0,1492.0,3221.0,1313.0,1286.0,2824.0,615.0,664.0,17.0,1313.0
638a0ebc-4e4d-4fa3-80ea-966b8d9e56c9,2021-02-22,7114.0,500.0,1756.0,3462.0,1396.0,1364.0,3019.0,678.0,681.0,21.0,1396.0
ae4f818c-77ae-419c-9c9a-30061e7a9516,2021-02-23,7148.0,479.0,1760.0,3475.0,1434.0,1391.0,3040.0,717.0,693.0,24.0,1434.0
e39f9cfd-03c0-48ac-9792-52bb94a2553e,2021-02-24,7238.0,445.0,1829.0,3500.0,1464.0,1410.0,3048.0,735.0,680.0,25.0,1464.0
bed74003-c9a2-48af-a6b5-c94190d5e479,2021-02-25,7463.0,438.0,1889.0,3577.0,1559.0,1464.0,3059.0,780.0,728.0,27.0,1559.0
a96b7a8a-8c7d-4994-80bd-ca05620d36a5,2021-02-26,7569.0,465.0,1918.0,3654.0,1532.0,1440.0,3144.0,758.0,721.0,26.0,1532.0
23e0d763-115a-4d55-b3d3-242f8eec71fb,2021-02-27,7259.0,360.0,1583.0,3768.0,1548.0,1471.0,3252.0,775.0,716.0,24.0,1548.0
bb7c624b-a6a1-42b3-a4c9-67fe918f002b,2021-02-28,7525.0,365.0,1670.0,3909.0,1581.0,1508.0,3389.0,781.0,742.0,17.0,1582.0
e9258cbf-4cb9-4601-abd0-a41cb2334a8c,2021-03-01,8340.0,495.0,2024.0,4155.0,1666.0,1588.0,3598.0,828.0,782.0,19.0,1667.0
9d9ffd2c-6161-4b34-b0de-9fc05722d160,2021-03-02,8524.0,514.0,2062.0,4227.0,1721.0,1598.0,3643.0,854.0,800.0,17.0,1721.0
b9f5211c-5af3-42ce-b589-205a2d25133c,2021-03-03,8476.0,507.0,2044.0,4179.0,1746.0,1628.0,3620.0,865.0,808.0,17.0,1746.0
118ada15-3694-4956-ade4-eb53285445c0,2021-03-04,8482.0,502.0,1928.0,4273.0,1779.0,1657.0,3703.0,871.0,831.0,20.0,1779.0
146f81b7-3298-4f6b-abe1-aef0264a8a2f,2021-03-05,8544.0,500.0,1961.0,4309.0,1774.0,1674.0,3733.0,864.0,845.0,22.0,1774.0
31790fac-9818-4df9-9824-47d6be824b95,2021-03-06,8191.0,383.0,1677.0,4360.0,1771.0,1676.0,3815.0,864.0,855.0,23.0,1771.0
6f999669-22a5-494b-be2d-2b6500876b88,2021-03-07,8416.0,359.0,1802.0,4434.0,1821.0,1682.0,3903.0,891.0,875.0,24.0,1821.0
4c0dda05-435f-4bc0-82a5-4f4156ee6331,2021-03-08,9091.0,508.0,2147.0,4533.0,1903.0,1777.0,3957.0,918.0,923.0,32.0,1903.0
e91d8266-adc2-4b8a-b9ab-dee4a61b448e,2021-03-09,9056.0,473.0,2078.0,4571.0,1934.0,1804.0,3970.0,969.0,912.0,27.0,1934.0
136b81bd-6a66-47bd-a14c-d83b3f4c9fa0,2021-03-10,9076.0,460.0,2077.0,4558.0,1981.0,1832.0,3980.0,1003.0,919.0,32.0,1981.0
bc60b21a-1622-4dae-9cb0-88e12a6bf0ce,2021-03-11,9044.0,463.0,2062.0,4525.0,1994.0,1823.0,3951.0,1015.0,920.0,35.0,1994.0
cef269dd-14a9-4667-957e-b16711dbe300,2021-03-12,9012.0,471.0,2111.0,4431.0,1999.0,1833.0,3885.0,1009.0,929.0,32.0,1999.0
b3c6ff40-45b3-439e-b1b1-334d99249c5a,2021-03-13,8609.0,367.0,1777.0,4490.0,1975.0,1783.0,3995.0,1004.0,913.0,33.0,1975.0
8d31f4c5-501c-4f89-b242-0800770898c7,2021-03-14,8823.0,380.0,1840.0,4573.0,2030.0,1829.0,4061.0,1031.0,939.0,31.0,2030.0
89e95ad5-70ec-4092-9f71-a4730d52db10,2021-03-15,9551.0,534.0,2191.0,4772.0,2054.0,1886.0,4207.0,1055.0,944.0,30.0,2054.0
0ae56f53-c107-4f12-a049-13cd91a9fc11,2021-03-16,9412.0,486.0,2171.0,4689.0,2066.0,1896.0,4119.0,1050.0,930.0,36.0,2066.0
5526b314-b2bd-438f-9fb2-fe63b1128c6b,2021-03-17,9242.0,505.0,2087.0,4612.0,2038.0,1861.0,4042.0,1056.0,926.0,35.0,2038.0
8cb4ee64-378a-4fb9-a8e5-de3cafb48837,2021-03-18,9039.0,464.0,2067.0,4490.0,2018.0,1859.0,4016.0,1029.0,951.0,33.0,2018.0
ac38115a-95ac-497c-a016-5fef80a3c734,2021-03-19,8845.0,471.0,2021.0,4358.0,1995.0,1819.0,3814.0,1011.0,945.0,34.0,1996.0
c9a6e9f0-b984-45ba-99df-6c4b8ee398be,2021-03-20,8280.0,368.0,1734.0,4208.0,1970.0,1781.0,3740.0,998.0,938.0,28.0,1970.0
6f7cdd92-f648-4f71-a6e2-7c22065129d1,2021-03-21,8387.0,346.0,1791.0,4285.0,1965.0,1805.0,3816.0,987.0,934.0,29.0,1965.0
d722859c-d8c2-488b-bca2-5fca74560028,2021-03-22,9037.0,514.0,2154.0,4383.0,1986.0,1824.0,3836.0,961.0,974.0,27.0,1986.0
cc48b036-b56a-497e-9c6f-9dba27f99a46,2021-03-23,8690.0,485.0,2058.0,4235.0,1912.0,1775.0,3701.0,918.0,932.0,25.0,1912.0
a755fdaf-d3c7-497f-8e39-16c7870bc6d9,2021-03-24,8366.0,414.0,1998.0,4067.0,1887.0,1743.0,3558.0,902.0,924.0,21.0,1887.0
971bd4fa-20d0-41e1-a112-6c7e52f7bbc6,2021-03-25,8206.0,411.0,1938.0,3982.0,1875.0,1742.0,3488.0,929.0,911.0,25.0,1875.0
ac1921cb-e8e2-4cc1-9fec-32489dbd71fb,2021-03-26,8083.0,433.0,1966.0,3848.0,1836.0,1677.0,3352.0,873.0,911.0,28.0,1837.0
09fabf27-1e20-4129-8291-7d70f8d742d1,2021-03-27,7559.0,327.0,1593.0,3834.0,1805.0,1644.0,3377.0,879.0,878.0,28.0,1806.0
ee219570-f550-4426-8641-234997eacb7a,2021-03-28,7611.0,303.0,1676.0,3868.0,1764.0,1655.0,3407.0,876.0,862.0,26.0,1765.0
4b820fe4-de58-43c2-9002-d95e61d38887,2021-03-29,8156.0,468.0,2032.0,3885.0,1771.0,1665.0,3379.0,871.0,863.0,28.0,1771.0
e39f22b4-889a-4f86-8f72-a2f3f997b4fc,2021-03-30,7878.0,436.0,1909.0,3810.0,1723.0,1613.0,3300.0,856.0,837.0,28.0,1723.0
fae33a6a-cf9b-45d9-a24d-728f93a4b0e1,2021-03-31,7556.0,458.0,1826.0,3657.0,1615.0,1553.0,3168.0,775.0,810.0,25.0,1615.0
03de431d-6a25-4f8c-a4c7-33e1529df7b2,2021-04-01,7243.0,436.0,1789.0,3465.0,1553.0,1505.0,3017.0,741.0,785.0,24.0,1553.0
ed02cb98-51f2-4336-95bf-74f677636a96,2021-04-02,6413.0,331.0,1436.0,3207.0,1439.0,1422.0,2829.0,668.0,759.0,28.0,1441.0
d13749f2-c01b-4d1a-a8d1-f6b251748eea,2021-04-03,6256.0,279.0,1402.0,3151.0,1424.0,1398.0,2786.0,678.0,721.0,28.0,1426.0
e7aafbec-c9e9-4a92-ae11-9ac4097c5852,2021-04-04,6352.0,264.0,1489.0,3194.0,1405.0,1378.0,2843.0,663.0,711.0,31.0,1407.0
c47c4d14-35f2-4934-b8da-d628cd615012,2021-04-05,6418.0,273.0,1534.0,3230.0,1381.0,1346.0,2855.0,654.0,705.0,29.0,1384.0
c07f338f-9684-4017-94d0-0841e1cb75f9,2021-04-06,7098.0,421.0,1774.0,3482.0,1421.0,1394.0,3057.0,665.0,726.0,26.0,1427.0
64b1840e-aa64-45e3-8c00-13a962b56fb5,2021-04-07,6744.0,386.0,1641.0,3333.0,1384.0,1359.0,2878.0,634.0,700.0,23.0,1388.0
aca504d0-9356-43ff-b997-03b77222fd85,2021-04-08,6265.0,355.0,1493.0,3107.0,1310.0,1315.0,2699.0,607.0,668.0,23.0,1313.0
0d5a232d-bf98-43eb-bcd9-d5ccc48d1381,2021-04-09,5950.0,355.0,1507.0,2853.0,1235.0,1235.0,2431.0,571.0,625.0,24.0,1237.0
b8a950af-0e1c-44a7-9c27-5bae6dc843bf,2021-04-10,5311.0,241.0,1195.0,2683.0,1192.0,1214.0,2339.0,556.0,601.0,22.0,1195.0
9ed63de2-7b63-4fbf-ad5e-08d0bf18b526,2021-04-11,5264.0,255.0,1176.0,2679.0,1154.0,1196.0,2353.0,517.0,600.0,20.0,1156.0
6608145b-6d9e-4d2f-8722-6dd47f46c2f9,2021-04-12,5562.0,347.0,1389.0,2678.0,1148.0,1184.0,2348.0,515.0,593.0,21.0,1151.0
fba9d476-44cb-4b53-b0d6-152386697fda,2021-04-13,5249.0,336.0,1286.0,2548.0,1079.0,1153.0,2250.0,480.0,568.0,18.0,1082.0
33c4398e-4334-43d4-89d0-050469823960,2021-04-14,4945.0,306.0,1177.0,2417.0,1045.0,1110.0,2116.0,481.0,535.0,17.0,1047.0
9211ab76-c357-4fd5-ac1e-a703f1ef6f0e,2021-04-15,4687.0,314.0,1162.0,2228.0,983.0,1035.0,1942.0,437.0,518.0,18.0,986.0
e9a87007-6555-4b94-9537-a9aa167777bb,2021-04-16,4435.0,326.0,1110.0,2058.0,941.0,1012.0,1790.0,414.0,513.0,18.0,944.0
dda85967-d482-4eda-baee-7e01d556174a,2021-04-17,4037.0,196.0,931.0,1999.0,911.0,975.0,1761.0,408.0,485.0,18.0,914.0
fe475367-44c4-4c48-ac84-7f97cf097002,2021-04-18,4049.0,185.0,973.0,2002.0,889.0,975.0,1765.0,388.0,491.0,19.0,892.0
05a207b5-d2fc-48bf-b56c-34aed36598f4,2021-04-19,4327.0,246.0,1105.0,2076.0,900.0,992.0,1820.0,395.0,488.0,22.0,904.0
03d543b0-8eed-47e7-a445-8bbf4dcbf533,2021-04-20,4164.0,274.0,1052.0,1980.0,858.0,942.0,1721.0,377.0,471.0,18.0,862.0
89b2bd1d-034e-4a98-a42f-732444126e6b,2021-04-21,4004.0,258.0,1016.0,1874.0,856.0,908.0,1626.0,376.0,460.0,20.0,859.0
172b05e6-b948-4840-8699-94d1152ed4d1,2021-04-22,3771.0,267.0,902.0,1804.0,798.0,839.0,1538.0,353.0,420.0,21.0,802.0
3f194a90-d3fa-431d-9c99-db367788d941,2021-04-23,3552.0,222.0,900.0,1670.0,760.0,792.0,1434.0,336.0,406.0,19.0,762.0
b17601da-5779-4e27-937d-f1f930a3522b,2021-04-24,3205.0,165.0,752.0,1556.0,732.0,755.0,1367.0,329.0,379.0,17.0,734.0
4f882f6c-b738-4a86-9af8-a95e2aa4dc35,2021-04-25,3196.0,170.0,759.0,1547.0,720.0,763.0,1362.0,328.0,373.0,15.0,722.0
c246b8a9-0d3f-409f-953b-75e2855be154,2021-04-26,3346.0,242.0,899.0,1512.0,693.0,741.0,1304.0,315.0,362.0,14.0,694.0
d41e32d5-e4f5-484b-8a23-f30a3590c963,2021-04-27,3173.0,218.0,818.0,1473.0,664.0,716.0,1281.0,282.0,361.0,17.0,666.0
92dc73b2-c6de-4862-9d51-b3bb1071deb6,2021-04-28,3025.0,211.0,774.0,1430.0,610.0,689.0,1239.0,261.0,335.0,19.0,612.0
7316b731-a18a-496f-ab2e-cb94bcce5e5d,2021-04-29,2855.0,189.0,715.0,1387.0,564.0,640.0,1183.0,239.0,303.0,19.0,565.0
02450226-a43a-45d7-bc57-2d251a87795f,2021-04-30,2698.0,171.0,700.0,1313.0,514.0,580.0,1133.0,216.0,278.0,18.0,515.0
9709a43b-edbf-4ccf-9b55-19b4106406ff,2021-05-01,2485.0,130.0,586.0,1275.0,494.0,555.0,1137.0,219.0,262.0,17.0,494.0
4820895c-ff21-4762-9558-18dfbb1817e8,2021-05-02,2510.0,137.0,611.0,1276.0,486.0,559.0,1130.0,208.0,267.0,18.0,486.0
204da0d3-91c9-465e-8be7-fc4817cfb86e,2021-05-03,2706.0,196.0,707.0,1311.0,492.0,564.0,1126.0,215.0,263.0,14.0,492.0
132f4d40-6980-4c82-9e73-813a519bc571,2021-05-04,2554.0,171.0,662.0,1239.0,482.0,545.0,1060.0,215.0,250.0,15.0,483.0
9aa50fcb-55be-4a82-9356-d9a67c994fad,2021-05-05,2379.0,147.0,614.0,1186.0,432.0,503.0,1000.0,184.0,232.0,16.0,433.0
5ae66da1-87e7-47ce-aed8-aecc54f341ba,2021-05-06,2241.0,154.0,587.0,1103.0,397.0,464.0,929.0,175.0,218.0,17.0,398.0
976e422e-69df-4cb1-9945-01134e1fb93d,2021-05-07,2145.0,171.0,579.0,1013.0,382.0,439.0,860.0,174.0,199.0,13.0,383.0
e43bcfb9-e643-4743-b00f-5e9bb9e472b4,2021-05-08,1900.0,120.0,450.0,963.0,367.0,412.0,818.0,171.0,184.0,12.0,368.0
61f112a1-c348-4857-a140-ec71199b0553,2021-05-09,1882.0,117.0,437.0,958.0,370.0,416.0,821.0,170.0,181.0,11.0,371.0
f8064ccc-a208-47bb-b1bb-967d4399aaf7,2021-05-10,2006.0,155.0,564.0,921.0,366.0,424.0,784.0,168.0,184.0,11.0,367.0
91321098-3d8a-4418-baa8-8f8d17f068e4,2021-05-11,1852.0,137.0,502.0,866.0,347.0,401.0,736.0,168.0,164.0,10.0,349.0
418e417a-0d49-44ea-bb2e-58e76bbdb824,2021-05-12,1740.0,155.0,466.0,791.0,328.0,379.0,664.0,163.0,155.0,9.0,330.0
49ab2c2b-22ee-40ef-998d-705b39569825,2021-05-13,1644.0,126.0,452.0,749.0,317.0,369.0,642.0,151.0,153.0,8.0,319.0
4d35f9c5-8e7a-4437-9a82-fc733655000c,2021-05-14,1556.0,117.0,421.0,729.0,289.0,343.0,622.0,141.0,138.0,8.0,290.0
805dc010-0dc3-42d0-a8f0-fff913168958,2021-05-15,1353.0,87.0,354.0,650.0,262.0,309.0,561.0,127.0,122.0,8.0,262.0
439fd36c-1302-45a4-a724-1931a587f83b,2021-05-16,1339.0,81.0,357.0,645.0,256.0,306.0,557.0,124.0,122.0,7.0,256.0
43a860e6-7de1-4973-9e36-8bb74fd550b3,2021-05-17,1418.0,96.0,436.0,648.0,238.0,297.0,529.0,111.0,113.0,6.0,238.0
822567a7-e7e0-4733-b75b-0029508cc56b,2021-05-18,1278.0,87.0,384.0,584.0,223.0,279.0,477.0,105.0,107.0,6.0,223.0
b19ee621-f462-4f57-9189-d8c97bc4e19e,2021-05-19,1169.0,80.0,342.0,533.0,214.0,251.0,438.0,105.0,100.0,6.0,214.0
4c1c9f05-a6d6-4225-a281-6acfe2c34b0c,2021-05-20,1081.0,91.0,312.0,491.0,187.0,220.0,407.0,89.0,92.0,5.0,187.0
86718ea4-ccce-4f4b-9007-df7e3bcc3bd1,2021-05-21,1031.0,88.0,298.0,469.0,176.0,194.0,396.0,91.0,76.0,4.0,177.0
ffff9293-b1e3-43c0-b5f7-f897f9a84b21,2021-05-22,885.0,56.0,229.0,433.0,167.0,191.0,376.0,87.0,71.0,3.0,168.0
dea8e1d9-9c2b-4acb-adbd-0fe658d9ee92,2021-05-23,866.0,64.0,218.0,425.0,159.0,189.0,362.0,84.0,68.0,3.0,160.0
a69b11b6-ae2f-4587-aa12-3dd44030b26e,2021-05-24,898.0,83.0,263.0,394.0,158.0,185.0,319.0,82.0,66.0,4.0,159.0
da684300-714c-4e19-9497-d4963c31904a,2021-05-25,804.0,77.0,201.0,390.0,136.0,164.0,316.0,67.0,62.0,4.0,137.0
9efe763a-9b9c-4897-b479-fbcec88f1996,2021-05-26,776.0,77.0,213.0,357.0,129.0,156.0,296.0,58.0,64.0,3.0,130.0
ab7949f2-e94c-4707-b2dd-3fc6c5cfcf54,2021-05-27,680.0,60.0,181.0,318.0,121.0,147.0,269.0,57.0,60.0,3.0,123.0
50fcf086-500f-4a4b-9342-27b6a2cf9b86,2021-05-28,626.0,56.0,185.0,285.0,100.0,127.0,243.0,43.0,55.0,3.0,102.0
d47eddcd-2d45-4509-a236-5c6509a18543,2021-05-29,522.0,40.0,146.0,238.0,98.0,113.0,204.0,47.0,43.0,4.0,100.0
5efe6752-b985-4a89-b1b2-e69f5b376e80,2021-05-30,520.0,46.0,155.0,227.0,92.0,113.0,198.0,45.0,43.0,4.0,95.0
68c5a6f1-4530-4963-ac76-7c91d404d154,2021-05-31,558.0,66.0,179.0,214.0,99.0,118.0,182.0,46.0,46.0,4.0,102.0
b79c9834-55b7-4078-a28b-553b5cb35240,2021-06-01,480.0,51.0,151.0,195.0,83.0,98.0,158.0,33.0,43.0,3.0,85.0
2cd117c0-ec12-4fe9-b75d-bc65e53ba482,2021-06-02,445.0,41.0,152.0,175.0,77.0,91.0,140.0,33.0,40.0,3.0,80.0
22eabe60-4f0e-401d-b170-9f2ce0ece4db,2021-06-03,396.0,43.0,129.0,151.0,73.0,86.0,121.0,34.0,36.0,3.0,75.0
6a279c6b-1260-47c2-853c-710dc486753a,2021-06-04,369.0,41.0,127.0,139.0,62.0,72.0,113.0,27.0,30.0,2.0,64.0
70c37f03-b30b-4815-85af-b73c5b829b91,2021-06-05,304.0,27.0,100.0,125.0,52.0,60.0,105.0,25.0,22.0,1.0,53.0
b9d814fb-5d18-458b-ba20-7aa073281e83,2021-06-06,304.0,26.0,104.0,122.0,52.0,61.0,104.0,24.0,20.0,1.0,53.0
379f0a23-e5cd-486c-ae0d-c96587303e66,2021-06-07,306.0,32.0,110.0,119.0,45.0,58.0,100.0,22.0,19.0,1.0,46.0
53860878-0c8d-4a76-bc50-b82ce1decd45,2021-06-08,290.0,32.0,88.0,127.0,43.0,59.0,108.0,20.0,19.0,2.0,44.0
97299ff2-fbee-4780-9708-8bc3ad7cf4cb,2021-06-09,262.0,24.0,82.0,117.0,39.0,56.0,94.0,19.0,17.0,3.0,40.0
d3094c40-49d4-41ee-b196-fc32a135a32e,2021-06-10,239.0,27.0,77.0,99.0,36.0,53.0,80.0,17.0,15.0,2.0,37.0
015a2c31-bbb1-4566-aa99-9bb4f2099e4c,2021-06-11,190.0,23.0,68.0,77.0,22.0,38.0,61.0,10.0,9.0,0.0,22.0
5fca3302-1dee-43cf-afc2-618309750e6a,2021-06-12,163.0,15.0,53.0,70.0,25.0,38.0,53.0,11.0,10.0,0.0,25.0
950112d0-73d6-4d41-bb28-686dee47682a,2021-06-13,155.0,13.0,54.0,65.0,23.0,35.0,52.0,10.0,11.0,0.0,23.0
78d71b43-0091-4f22-a8c2-4bb2eb5652cc,2021-06-14,171.0,19.0,60.0,66.0,26.0,37.0,55.0,11.0,11.0,1.0,26.0
efbb15a6-06ca-44ce-a838-a0576662bb1a,2021-06-15,144.0,21.0,43.0,61.0,19.0,27.0,47.0,8.0,9.0,1.0,19.0
5b833fd1-d5f2-4c18-9309-1d689f07be18,2021-06-16,123.0,20.0,35.0,53.0,15.0,25.0,42.0,4.0,9.0,1.0,15.0
561f1034-e579-4086-a84c-2e4f1c7b84df,2021-06-17,122.0,24.0,27.0,54.0,17.0,24.0,41.0,5.0,9.0,1.0,17.0
e855e014-d72f-4db6-91f0-74544598f682,2021-06-18,114.0,26.0,28.0,42.0,18.0,22.0,31.0,6.0,11.0,0.0,18.0
9586986b-7aa0-4a83-9b2b-e5104c05a024,2021-06-19,91.0,13.0,26.0,39.0,13.0,18.0,31.0,4.0,9.0,0.0,14.0
24a3c499-ed49-4d18-8a40-852031207dc7,2021-06-20,89.0,13.0,26.0,38.0,12.0,20.0,32.0,3.0,9.0,0.0,13.0
cdb125d4-a929-4b4e-a947-07829d227b93,2021-06-21,94.0,18.0,28.0,35.0,13.0,18.0,32.0,3.0,10.0,0.0,14.0
be1b73ab-d3bb-457a-8e1c-84cc5d991b5c,2021-06-22,90.0,18.0,26.0,32.0,14.0,17.0,27.0,4.0,9.0,0.0,15.0
ddb82a8c-ec81-4bef-8275-5f59ed4274d4,2021-06-23,87.0,19.0,21.0,36.0,11.0,14.0,27.0,4.0,7.0,0.0,12.0
33c7ac91-3570-45ee-b68d-f01abc42d31d,2021-06-24,84.0,21.0,22.0,28.0,13.0,16.0,22.0,4.0,8.0,1.0,14.0
3ae84226-f71c-4f4b-abb7-eb757db8a96d,2021-06-25,70.0,20.0,24.0,16.0,10.0,16.0,9.0,4.0,7.0,0.0,11.0
f4a6fc8d-6126-4010-b204-78edfb43f107,2021-06-26,58.0,17.0,17.0,14.0,10.0,13.0,9.0,4.0,7.0,0.0,11.0
92b42287-92d8-45d6-9563-c5607df6cd82,2021-06-27,59.0,17.0,18.0,16.0,8.0,12.0,11.0,2.0,7.0,0.0,9.0
7e5ac44d-2ec1-4042-b7a6-05ca3ac4077a,2021-06-28,65.0,18.0,21.0,17.0,9.0,14.0,11.0,2.0,8.0,0.0,10.0
d7d8906d-9f15-46fe-ba8a-6966c4fdf8aa,2021-06-29,60.0,16.0,19.0,14.0,11.0,15.0,12.0,4.0,6.0,0.0,11.0
d134fb9e-f2ab-4aee-98e8-1c7627b80837,2021-06-30,60.0,16.0,20.0,14.0,10.0,13.0,9.0,4.0,5.0,0.0,10.0
cff2c2d7-96df-4d9e-9e22-851401a71751,2021-07-01,50.0,12.0,13.0,17.0,8.0,14.0,11.0,4.0,4.0,0.0,8.0
ff7ecb4c-a8b7-4997-988e-cf656cf83a5f,2021-07-02,41.0,14.0,8.0,13.0,6.0,7.0,10.0,2.0,3.0,0.0,6.0
21fe2201-7991-4f44-a72b-9ea6b909c7ce,2021-07-03,30.0,8.0,5.0,12.0,5.0,6.0,9.0,2.0,3.0,0.0,5.0
f53338af-52a7-4ef4-a018-97ec6048e20d,2021-07-04,33.0,8.0,9.0,12.0,4.0,7.0,9.0,2.0,2.0,0.0,4.0
b4dada74-088b-4548-9be3-4d96b9b4b3d0,2021-07-05,35.0,7.0,10.0,14.0,4.0,11.0,10.0,3.0,1.0,0.0,4.0
89c8a609-b0f4-4f2e-876e-2953afdf5afe,2021-07-06,34.0,8.0,10.0,12.0,4.0,11.0,6.0,3.0,1.0,0.0,4.0
afe311a3-915f-4b8c-b0e7-a0929d6883b0,2021-07-07,44.0,12.0,9.0,20.0,3.0,12.0,12.0,2.0,1.0,0.0,3.0
b684773d-689c-4183-af14-234c7f750181,2021-07-08,41.0,9.0,12.0,16.0,4.0,11.0,7.0,2.0,2.0,0.0,4.0
34736519-b0d6-4738-a4e7-f6d78089fdc9,2021-07-09,37.0,8.0,11.0,14.0,4.0,8.0,10.0,2.0,2.0,0.0,4.0
8924144c-8d7d-41f1-b2ca-1066597fe7db,2021-07-10,26.0,5.0,6.0,12.0,3.0,7.0,10.0,1.0,2.0,0.0,3.0
9662ca78-c93d-4f08-8794-1cd056f65447,2021-07-11,26.0,3.0,6.0,15.0,2.0,8.0,12.0,0.0,2.0,0.0,2.0
0df04cb3-4538-44c5-bb0c-0376d27191ab,2021-07-12,35.0,3.0,10.0,19.0,3.0,9.0,16.0,1.0,2.0,0.0,3.0
1beda290-8ed5-4183-bcc1-7afd7ffc0a0f,2021-07-13,33.0,5.0,10.0,15.0,3.0,8.0,14.0,1.0,2.0,0.0,3.0
e25733c5-aaf4-4057-9808-0fd589fa20d4,2021-07-14,31.0,6.0,5.0,15.0,5.0,10.0,13.0,2.0,3.0,0.0,5.0
16dbf5dc-38f8-4193-a04d-bf63ca31c0cb,2021-07-15,32.0,4.0,3.0,19.0,6.0,10.0,16.0,3.0,3.0,0.0,6.0
a74097ba-35da-4769-8411-14f050ae6185,2021-07-16,35.0,3.0,6.0,19.0,7.0,10.0,13.0,3.0,3.0,0.0,7.0
a0bc6209-df5c-4caf-848d-70f46de25b87,2021-07-17,33.0,5.0,6.0,16.0,6.0,9.0,11.0,4.0,2.0,0.0,6.0
f4a3d3dc-0826-494a-b53d-80198bbb8a99,2021-07-18,35.0,5.0,8.0,15.0,7.0,10.0,9.0,4.0,3.0,0.0,7.0
5965affd-055f-4e7a-a496-3aa29d2ddeb5,2021-07-19,49.0,10.0,11.0,22.0,6.0,10.0,15.0,3.0,3.0,0.0,6.0
0b9cb1b0-be47-4607-ba87-57e12a8333db,2021-07-20,45.0,5.0,14.0,20.0,6.0,6.0,14.0,3.0,2.0,0.0,6.0
91f10f2c-7fb4-4040-805c-5ef5bbad701f,2021-07-21,47.0,7.0,13.0,22.0,5.0,9.0,17.0,3.0,1.0,0.0,5.0
7b352377-efbb-4596-a340-fea3e9e9cd2c,2021-07-22,46.0,4.0,13.0,23.0,6.0,14.0,15.0,2.0,2.0,0.0,6.0
22d8b2e1-d096-4aef-8f6f-73dc532f119a,2021-07-23,46.0,6.0,17.0,18.0,5.0,12.0,15.0,2.0,2.0,0.0,6.0
c592ae56-3f25-4da7-8ed1-e86463d64606,2021-07-24,43.0,5.0,11.0,23.0,4.0,9.0,19.0,3.0,2.0,0.0,5.0
b8d1295e-ea14-4f1e-9c61-3359a8871056,2021-07-25,50.0,6.0,16.0,24.0,4.0,10.0,21.0,2.0,3.0,0.0,5.0
96b6b14a-1717-4425-be80-0b02a30660c1,2021-07-26,62.0,10.0,20.0,26.0,6.0,9.0,21.0,3.0,3.0,0.0,7.0
4039689e-c119-480d-91ab-9e66b3687016,2021-07-27,55.0,8.0,14.0,26.0,7.0,10.0,23.0,3.0,5.0,0.0,8.0
1e41fa81-8b4d-43a1-ba20-5f78f6ec8c1c,2021-07-28,55.0,5.0,16.0,27.0,7.0,11.0,24.0,2.0,5.0,0.0,8.0
cf7711fd-609f-4ddd-a4ff-c1db2abe5da4,2021-07-29,62.0,5.0,16.0,32.0,9.0,14.0,29.0,5.0,5.0,0.0,10.0
dd7a72bd-f2b2-4683-874a-484594ce7c07,2021-07-30,62.0,5.0,17.0,29.0,11.0,16.0,27.0,7.0,5.0,1.0,11.0
5eaab576-0ec1-49d8-866f-b560384bb2e9,2021-07-31,58.0,3.0,17.0,26.0,12.0,17.0,23.0,5.0,7.0,1.0,12.0
e8283e56-22da-49e1-9126-8def9430064f,2021-08-01,52.0,4.0,11.0,26.0,11.0,16.0,24.0,6.0,5.0,1.0,11.0
4e68865d-4669-400e-ad52-972d5ef37dd9,2021-08-02,61.0,9.0,12.0,27.0,13.0,15.0,27.0,5.0,6.0,1.0,13.0
f7ca50b6-c4a9-44b3-9884-cad9d6fcfd74,2021-08-03,57.0,6.0,12.0,27.0,12.0,17.0,25.0,5.0,7.0,1.0,12.0
0c2cc8a2-1397-4239-a01f-205093d9d228,2021-08-04,59.0,5.0,12.0,30.0,12.0,18.0,27.0,4.0,8.0,1.0,12.0
2602c7fe-ce97-4d03-99c7-72a07300d72a,2021-08-05,60.0,8.0,10.0,30.0,12.0,17.0,24.0,4.0,8.0,1.0,12.0
20ee3f98-64f3-458f-8466-faa95e083b9b,2021-08-06,60.0,4.0,15.0,29.0,12.0,15.0,23.0,4.0,8.0,1.0,12.0
6f4c0a5b-2824-4556-a5de-3e55ed5bbdd7,2021-08-07,59.0,5.0,15.0,28.0,11.0,13.0,24.0,5.0,6.0,0.0,11.0
0524e94b-0d74-4d55-929e-801d630d3084,2021-08-08,58.0,6.0,16.0,22.0,14.0,16.0,19.0,7.0,7.0,0.0,14.0
7fc42972-208b-4b26-987f-4e4a0410af74,2021-08-09,68.0,9.0,15.0,28.0,16.0,18.0,24.0,8.0,7.0,0.0,16.0
cebd5e1d-ecfe-420a-8fe7-98bf43c57934,2021-08-10,63.0,7.0,17.0,22.0,17.0,18.0,20.0,8.0,8.0,0.0,17.0
1965b85a-9768-4544-ab5b-f82639d31f45,2021-08-11,65.0,7.0,19.0,19.0,20.0,20.0,17.0,9.0,9.0,0.0,20.0
1383c4ca-9970-4d8a-a6e8-b5f564cf6dd9,2021-08-12,65.0,4.0,17.0,26.0,18.0,20.0,22.0,8.0,8.0,1.0,18.0
51c850a4-8ea1-493d-ac14-9a1e9ebe007d,2021-08-13,56.0,4.0,12.0,24.0,16.0,18.0,17.0,8.0,8.0,0.0,16.0
8f029083-824b-421c-9d20-ff2afe919b9c,2021-08-14,59.0,5.0,11.0,26.0,17.0,19.0,20.0,10.0,7.0,0.0,17.0
cb280147-10bd-42ae-9d1c-5992264d4d0d,2021-08-15,61.0,6.0,13.0,25.0,17.0,16.0,19.0,10.0,7.0,0.0,17.0
860486c6-e9a2-4aaa-8fe3-370b631c6ba7,2021-08-16,74.0,9.0,14.0,33.0,18.0,18.0,27.0,11.0,7.0,0.0,18.0
6db6f5f1-ca4a-416f-bc90-b4839eed46b5,2021-08-17,74.0,4.0,22.0,30.0,18.0,18.0,25.0,10.0,6.0,1.0,18.0
3d4de2ab-5756-4867-9d81-0acb09d2453c,2021-08-18,78.0,5.0,22.0,35.0,16.0,19.0,29.0,10.0,6.0,2.0,16.0
78237d1c-475e-42ad-90e3-765313371378,2021-08-19,73.0,4.0,15.0,36.0,18.0,20.0,31.0,9.0,5.0,3.0,18.0
7b60c265-d6a5-4d02-8232-7c0944ff79cc,2021-08-20,72.0,6.0,17.0,35.0,14.0,18.0,26.0,9.0,5.0,2.0,14.0
330a2186-5f58-40f0-9f34-ca72eabe2742,2021-08-21,61.0,4.0,13.0,32.0,12.0,16.0,25.0,8.0,4.0,0.0,12.0
a1f37474-2b74-49d3-8960-bb3722cc3450,2021-08-22,66.0,4.0,17.0,33.0,12.0,17.0,27.0,7.0,5.0,0.0,12.0
2a12ed74-fa28-4a0f-ba95-fef66b9e01ff,2021-08-23,72.0,8.0,21.0,31.0,12.0,19.0,26.0,8.0,5.0,0.0,13.0
748d24b6-1d79-44c8-9327-9b556a4a1d8e,2021-08-24,69.0,6.0,21.0,31.0,11.0,16.0,22.0,8.0,3.0,0.0,11.0
62f08048-0ed5-42ab-993b-26761212ac8e,2021-08-25,73.0,6.0,22.0,31.0,14.0,18.0,22.0,11.0,3.0,0.0,14.0
834d0046-c14b-4821-8db3-d33e99ff1efa,2021-08-26,71.0,6.0,26.0,27.0,12.0,16.0,19.0,10.0,2.0,0.0,12.0
4390a4a7-5f13-434a-89d0-25d23a87c755,2021-08-27,62.0,9.0,21.0,22.0,10.0,14.0,17.0,8.0,2.0,0.0,10.0
bb6f8f64-a2f9-4991-b918-5c3bbbe52d7b,2021-08-28,56.0,6.0,17.0,23.0,10.0,13.0,18.0,7.0,2.0,0.0,10.0
a024fb4e-b618-402b-a95e-a6aa31253c20,2021-08-29,55.0,6.0,18.0,23.0,8.0,9.0,16.0,6.0,2.0,0.0,8.0
0baf3ae1-099d-4a6a-8fa6-2b352440720f,2021-08-30,61.0,8.0,21.0,23.0,9.0,10.0,19.0,6.0,3.0,0.0,9.0
230014e0-e78c-4349-8ab9-728a4b74e02c,2021-08-31,56.0,3.0,17.0,30.0,6.0,10.0,26.0,2.0,4.0,0.0,6.0
5a879ffa-00d0-4733-a8b0-a95a22a2de06,2021-09-01,63.0,8.0,17.0,29.0,9.0,12.0,24.0,4.0,4.0,0.0,9.0
90ba6eab-882a-4d19-adaf-a89787d55368,2021-09-02,66.0,5.0,23.0,27.0,11.0,14.0,23.0,7.0,4.0,0.0,11.0
5044b246-0906-46d5-8819-48fddc42a158,2021-09-03,64.0,5.0,26.0,22.0,11.0,14.0,18.0,8.0,3.0,0.0,11.0
7cd72867-23a6-4f37-b464-c36d465ba239,2021-09-04,61.0,6.0,21.0,26.0,8.0,16.0,23.0,6.0,2.0,0.0,8.0
192a7737-f9c8-4aa4-9e57-cf94b8ccc760,2021-09-05,69.0,4.0,24.0,34.0,7.0,16.0,28.0,5.0,2.0,0.0,7.0
451d95e5-7e65-440f-999a-21c444d8d066,2021-09-06,92.0,7.0,28.0,45.0,12.0,23.0,38.0,8.0,3.0,2.0,12.0
9a6a2328-45b8-4a68-9e56-48ccf3e88f33,2021-09-07,97.0,4.0,28.0,49.0,16.0,26.0,41.0,12.0,3.0,2.0,16.0
4820d025-f218-42c2-87b1-a834553b5799,2021-09-08,102.0,4.0,26.0,57.0,15.0,24.0,46.0,10.0,4.0,1.0,15.0
2db23c61-4c9b-40e0-a45a-b5042ea1ddd0,2021-09-09,113.0,8.0,31.0,59.0,15.0,22.0,47.0,11.0,4.0,1.0,15.0
9aba9a99-64fa-4153-b352-f9dc208555db,2021-09-10,117.0,6.0,39.0,57.0,15.0,24.0,52.0,11.0,4.0,1.0,15.0
643de99b-72ef-47a7-8ab9-4d3e1647bdc3,2021-09-11,115.0,5.0,31.0,62.0,17.0,27.0,55.0,11.0,6.0,1.0,17.0
b874f4a8-a902-4dba-aace-b12a90fc705a,2021-09-12,127.0,7.0,28.0,72.0,20.0,31.0,64.0,12.0,8.0,1.0,20.0
23689813-f75c-42db-8f83-748fb9404c7b,2021-09-13,157.0,10.0,51.0,74.0,22.0,35.0,67.0,11.0,10.0,1.0,22.0
72d2d36b-98dd-4e90-90b9-38e7f46071a2,2021-09-14,164.0,11.0,46.0,81.0,26.0,41.0,73.0,14.0,12.0,1.0,26.0
1ba257b0-b931-4489-88be-d80acbe4902c,2021-09-15,168.0,8.0,56.0,74.0,30.0,38.0,64.0,16.0,12.0,2.0,30.0
2090cf00-6503-4399-bcb5-d4cabc40634f,2021-09-16,166.0,12.0,50.0,72.0,32.0,43.0,62.0,18.0,14.0,2.0,32.0
1859ddb1-4fbe-4c1c-8d37-d79a5b5d6ab3,2021-09-17,182.0,21.0,59.0,68.0,34.0,46.0,57.0,20.0,14.0,1.0,34.0
9d939a8b-d062-40b6-ac68-316b70c01f5f,2021-09-18,161.0,17.0,41.0,72.0,31.0,43.0,60.0,16.0,16.0,1.0,32.0
1cd5dac8-7978-4529-823d-e98ead32a40c,2021-09-19,164.0,18.0,43.0,75.0,28.0,40.0,64.0,13.0,14.0,1.0,28.0
21367a48-9e2e-41ad-940c-ec8821c8f0e9,2021-09-20,185.0,19.0,59.0,77.0,30.0,42.0,65.0,11.0,16.0,2.0,30.0
08e5211e-aa46-4ebd-a846-0e38431ec097,2021-09-21,180.0,23.0,49.0,80.0,28.0,40.0,66.0,11.0,15.0,2.0,28.0
ac72429e-8d81-44b5-b22e-7ffff53cd3c3,2021-09-22,182.0,19.0,52.0,84.0,27.0,38.0,64.0,10.0,15.0,2.0,27.0
c7b55363-3f45-469c-9f17-91b0c389e7aa,2021-09-23,183.0,22.0,54.0,79.0,28.0,38.0,64.0,10.0,17.0,1.0,28.0
deadfbb8-6b9c-4222-9a00-79d38deea3d0,2021-09-24,188.0,24.0,41.0,92.0,31.0,42.0,76.0,13.0,17.0,2.0,31.0
0601f850-d422-4370-bbb9-29ef40c486ce,2021-09-25,188.0,21.0,34.0,98.0,35.0,46.0,79.0,16.0,19.0,2.0,35.0
18e6dc4f-f56d-4bb2-b958-f39f4c53d1b5,2021-09-26,197.0,23.0,40.0,102.0,32.0,45.0,81.0,13.0,20.0,1.0,32.0
8d719eec-e019-4d83-9692-9249805d3c6d,2021-09-27,229.0,27.0,45.0,119.0,38.0,49.0,96.0,14.0,23.0,1.0,38.0
cad1e64c-6298-4354-b19c-91ce705d7750,2021-09-28,226.0,25.0,50.0,109.0,42.0,53.0,96.0,15.0,27.0,1.0,42.0
dc1a144c-6389-496e-858e-01352ad72738,2021-09-29,253.0,30.0,57.0,127.0,39.0,51.0,110.0,12.0,26.0,1.0,39.0
e9349a50-e82d-4167-ba35-3100583254f7,2021-09-30,251.0,40.0,53.0,121.0,37.0,50.0,104.0,12.0,24.0,1.0,37.0
906900fa-9c4b-4d34-a7e8-cdee6d4efcfd,2021-10-01,244.0,33.0,63.0,118.0,30.0,45.0,99.0,6.0,24.0,1.0,30.0
df44f71d-a056-43b6-9350-7d512519408e,2021-10-02,234.0,14.0,65.0,119.0,36.0,44.0,102.0,10.0,24.0,2.0,36.0
054596ad-8bdd-4bb9-9c8b-724cd9701f91,2021-10-03,247.0,15.0,65.0,130.0,37.0,52.0,107.0,10.0,24.0,3.0,37.0
89f80a62-b785-4e62-888f-b154bbc48c22,2021-10-04,302.0,36.0,72.0,152.0,42.0,58.0,122.0,15.0,26.0,2.0,42.0
7fc2c2c9-a6b9-427a-91b2-e1b0c110c027,2021-10-05,302.0,21.0,66.0,162.0,53.0,72.0,136.0,24.0,27.0,2.0,53.0
1d4565d8-f3bd-43ac-b17a-4968139583db,2021-10-06,327.0,29.0,77.0,152.0,69.0,86.0,125.0,40.0,27.0,2.0,69.0
a70d7b3e-ccee-4d69-b638-0879cb8a3b34,2021-10-07,316.0,24.0,78.0,152.0,62.0,75.0,128.0,31.0,27.0,2.0,62.0
1f8a677b-6e70-4437-87f8-d0f4c8b45fa4,2021-10-08,344.0,28.0,91.0,161.0,64.0,78.0,132.0,32.0,28.0,4.0,64.0
a1fe74a1-4fc4-4f56-b21b-13584e6fab51,2021-10-09,333.0,25.0,80.0,170.0,58.0,77.0,145.0,27.0,28.0,3.0,58.0
c13a1f9b-ec9f-4b6f-a980-75de8bd13e1d,2021-10-10,350.0,23.0,85.0,181.0,61.0,77.0,155.0,29.0,27.0,3.0,61.0
7c3150c0-7e9f-4479-b29d-114ea032c80c,2021-10-11,425.0,32.0,113.0,202.0,78.0,99.0,167.0,37.0,36.0,3.0,78.0
ba892897-c92c-4f5f-b088-3afb089398cf,2021-10-12,444.0,35.0,107.0,213.0,89.0,113.0,179.0,42.0,42.0,3.0,89.0
2b151bb2-c0c6-4e65-af76-582f78130ce1,2021-10-13,470.0,30.0,122.0,228.0,90.0,114.0,190.0,44.0,42.0,2.0,90.0
5f4ba946-a626-493a-82e6-7da0f8fc4e59,2021-10-14,496.0,30.0,138.0,231.0,97.0,116.0,192.0,48.0,43.0,2.0,97.0
49a9652d-6c45-4a55-8800-5e900d38196d,2021-10-15,527.0,44.0,141.0,248.0,94.0,115.0,212.0,43.0,48.0,2.0,94.0
2ddb370a-acfe-411d-8d87-7e0f519f7379,2021-10-16,515.0,26.0,151.0,249.0,89.0,112.0,202.0,37.0,48.0,2.0,89.0
45a10640-a547-4a98-886a-4b3bc47452ab,2021-10-17,543.0,32.0,153.0,263.0,95.0,116.0,210.0,40.0,50.0,3.0,95.0
93a05568-9c51-428d-b702-38d5f4a836c7,2021-10-18,664.0,48.0,210.0,298.0,108.0,133.0,248.0,46.0,54.0,3.0,108.0
190cbf3a-182c-499b-8866-8a05b6c03088,2021-10-19,733.0,63.0,232.0,325.0,113.0,146.0,274.0,55.0,54.0,4.0,113.0
9d33d951-e10b-44f9-9550-1e66cd1ff0b8,2021-10-20,795.0,64.0,252.0,362.0,117.0,138.0,315.0,53.0,59.0,5.0,117.0
adfc8275-9bfb-46c6-ace0-da748d41ecf6,2021-10-21,851.0,67.0,260.0,399.0,125.0,142.0,350.0,55.0,64.0,4.0,125.0
facecd68-c829-44a8-ad26-49c947e42577,2021-10-22,923.0,67.0,289.0,438.0,129.0,153.0,388.0,60.0,62.0,4.0,129.0
793d9042-a4ea-4d7b-93dc-1a25ddd210aa,2021-10-23,930.0,70.0,266.0,462.0,132.0,151.0,407.0,64.0,62.0,4.0,133.0
1bf7865b-8b1c-435e-9b3d-577fa363071a,2021-10-24,993.0,74.0,284.0,485.0,150.0,163.0,425.0,75.0,69.0,4.0,151.0
b194a3ba-f7ac-424a-922b-a6344ebd4b88,2021-10-25,1175.0,105.0,401.0,498.0,171.0,171.0,436.0,72.0,80.0,5.0,171.0
423c9700-4d18-4426-98c7-843581cb8e88,2021-10-26,1294.0,133.0,421.0,559.0,181.0,193.0,488.0,84.0,84.0,3.0,183.0
bdcc483f-5697-49f1-8226-a25742b31522,2021-10-27,1396.0,115.0,464.0,631.0,186.0,215.0,546.0,89.0,84.0,4.0,187.0
93a8286c-2dee-45c4-a57f-be554f6f4118,2021-10-28,1391.0,97.0,472.0,631.0,191.0,209.0,559.0,96.0,79.0,4.0,192.0
7da15a7f-d00d-4062-86f0-6a1ddefaefa2,2021-10-29,1578.0,145.0,534.0,700.0,199.0,233.0,616.0,102.0,93.0,4.0,200.0
ad50e012-8284-4e25-8305-605f647c5cff,2021-10-30,1597.0,121.0,517.0,738.0,221.0,238.0,651.0,112.0,99.0,6.0,222.0
58381969-ee85-4417-b466-ad816db1db7e,2021-10-31,1731.0,132.0,541.0,800.0,258.0,267.0,715.0,130.0,118.0,5.0,259.0
c0e9ce67-de73-4ecc-87ef-ba2aa5374142,2021-11-01,2105.0,182.0,686.0,946.0,291.0,311.0,822.0,146.0,133.0,8.0,291.0
64300560-cf68-4865-9c08-0837387fca56,2021-11-02,2295.0,202.0,724.0,1063.0,306.0,318.0,917.0,153.0,136.0,10.0,306.0
f9ebf96f-5d28-450b-a2d0-0eb18910f50f,2021-11-03,2495.0,209.0,816.0,1144.0,326.0,345.0,983.0,165.0,146.0,10.0,326.0
75db165c-0a46-4298-9866-b6ff70f717f2,2021-11-04,2660.0,201.0,902.0,1216.0,341.0,345.0,1043.0,163.0,163.0,11.0,341.0
219fefd6-9c71-47f3-83a5-3714111f9bba,2021-11-05,2803.0,215.0,933.0,1273.0,382.0,384.0,1102.0,181.0,179.0,12.0,382.0
c57c292b-2102-47ce-bc97-b0c6ca6c8cda,2021-11-06,2802.0,189.0,913.0,1308.0,392.0,389.0,1138.0,193.0,180.0,11.0,393.0
b551b196-e371-4ee6-ab3d-13b64e3409ab,2021-11-07,2952.0,185.0,964.0,1385.0,418.0,424.0,1196.0,200.0,197.0,11.0,420.0
c90d219a-a357-4c44-aef7-d07d18ea08cb,2021-11-08,3413.0,288.0,1181.0,1466.0,478.0,471.0,1250.0,234.0,214.0,13.0,478.0
3beb1a4f-08ea-49d8-9a73-152bc5c8b1ea,2021-11-09,3611.0,319.0,1183.0,1595.0,514.0,487.0,1341.0,248.0,230.0,13.0,516.0
0b4566b2-1661-4c7b-ba68-8efc69aed584,2021-11-10,3756.0,371.0,1207.0,1624.0,554.0,511.0,1393.0,279.0,240.0,14.0,556.0
dbeb7756-616a-44c9-82e4-562aeda4b068,2021-11-11,3886.0,388.0,1242.0,1694.0,562.0,519.0,1460.0,282.0,252.0,10.0,566.0
509a0108-76ba-4933-9e82-c25a46a2111b,2021-11-12,4050.0,399.0,1303.0,1762.0,586.0,527.0,1529.0,297.0,250.0,11.0,589.0
3af359db-365d-47be-a6e3-6a739d7490b1,2021-11-13,3989.0,375.0,1179.0,1839.0,596.0,561.0,1619.0,286.0,270.0,12.0,598.0
a9d51784-5ea8-49d2-9c78-b74c854b9bdc,2021-11-14,4131.0,343.0,1254.0,1911.0,623.0,601.0,1695.0,295.0,290.0,11.0,625.0
dc1e6b16-078c-4e1b-b5b7-87697d34ff19,2021-11-15,4789.0,484.0,1585.0,2041.0,679.0,644.0,1803.0,331.0,305.0,12.0,681.0
b83443e6-8f7c-4557-a71e-f0d41e261af9,2021-11-16,4864.0,477.0,1648.0,2049.0,690.0,651.0,1790.0,339.0,310.0,14.0,692.0
438f0a67-1590-44d4-aab4-16f931c1f334,2021-11-17,4822.0,464.0,1483.0,2159.0,716.0,691.0,1912.0,354.0,323.0,13.0,718.0
20092c93-f507-4057-84da-b0c7144e161d,2021-11-18,5188.0,493.0,1695.0,2253.0,747.0,716.0,1977.0,352.0,350.0,14.0,749.0
0ced5f72-6df6-49ca-a81b-93c199af710c,2021-11-19,5316.0,506.0,1758.0,2282.0,770.0,744.0,2016.0,364.0,364.0,15.0,771.0
98732346-1114-4366-b5e3-5c1f9b4651bc,2021-11-20,5206.0,481.0,1573.0,2386.0,766.0,752.0,2112.0,367.0,356.0,14.0,767.0
4847a8f6-1448-44d3-baa8-d44a4dcd3ba5,2021-11-21,5421.0,473.0,1663.0,2503.0,782.0,781.0,2232.0,368.0,367.0,16.0,783.0
4033ae19-e0cc-4e5b-9ae7-1a27ce1efd9b,2021-11-22,6017.0,590.0,1967.0,2639.0,821.0,817.0,2303.0,386.0,377.0,17.0,822.0
3ccd0197-5d58-42c5-a6cc-933a4df6cf9a,2021-11-23,6127.0,590.0,2010.0,2672.0,855.0,859.0,2349.0,405.0,402.0,16.0,856.0
fb29133d-1394-4d18-b2c1-2e6916163a55,2021-11-24,6219.0,588.0,2015.0,2729.0,887.0,866.0,2398.0,439.0,396.0,16.0,888.0
0fb96679-36fb-4053-9f44-061d12945cb1,2021-11-25,6332.0,568.0,2057.0,2779.0,928.0,892.0,2448.0,470.0,404.0,17.0,929.0
da041e1b-e36e-474c-9855-6eab386f7fb9,2021-11-26,6432.0,580.0,2175.0,2728.0,949.0,912.0,2376.0,472.0,432.0,16.0,950.0
30fa3c34-7794-47fc-ba01-e1d9eba8ea23,2021-11-27,6214.0,540.0,1906.0,2795.0,973.0,929.0,2486.0,467.0,459.0,17.0,974.0
143dfba1-4d15-4721-a3f5-3d36304ef3af,2021-11-28,6415.0,524.0,1966.0,2914.0,1011.0,941.0,2613.0,488.0,475.0,17.0,1011.0
b6ff806b-8e49-4a15-9e70-82d62a950a1f,2021-11-29,7086.0,684.0,2334.0,2967.0,1101.0,985.0,2611.0,538.0,498.0,18.0,1101.0
d6b80acf-4ecc-4d0d-925b-9320af5f765d,2021-11-30,7024.0,644.0,2251.0,3012.0,1117.0,990.0,2662.0,524.0,516.0,17.0,1118.0
a08ca8e9-7bdb-49a4-8cf0-24f869f06cfa,2021-12-01,6973.0,643.0,2185.0,3038.0,1107.0,982.0,2693.0,521.0,518.0,16.0,1108.0
65debe03-9b74-490d-90de-69f82138adf1,2021-12-02,7066.0,690.0,2153.0,3133.0,1090.0,974.0,2797.0,507.0,505.0,15.0,1091.0
d3b1765b-d017-43fe-a019-c0cfd6bd0371,2021-12-03,7034.0,649.0,2228.0,3081.0,1076.0,969.0,2725.0,506.0,510.0,21.0,1077.0
b8f77da3-5ecd-45a5-899b-33566d2799e0,2021-12-04,6566.0,603.0,1896.0,3027.0,1040.0,942.0,2719.0,476.0,509.0,22.0,1041.0
0d1875a9-bf56-41d1-91ba-7d5200d492b2,2021-12-05,6673.0,619.0,1893.0,3110.0,1051.0,970.0,2795.0,486.0,511.0,24.0,1052.0
d4bb8a60-beaa-4128-a962-097cf6d7b25b,2021-12-06,7130.0,730.0,2244.0,3088.0,1068.0,992.0,2754.0,503.0,504.0,27.0,1069.0
c6324a9e-cf97-4526-880b-e0f09ed245c1,2021-12-07,6909.0,674.0,2181.0,2995.0,1059.0,999.0,2663.0,481.0,518.0,24.0,1060.0
f41e3179-77f3-40e9-8c57-b1b962586e54,2021-12-08,6746.0,603.0,2121.0,2932.0,1090.0,1001.0,2591.0,511.0,519.0,25.0,1092.0
280bd919-b406-44d5-978f-c44fcc15608b,2021-12-09,6556.0,604.0,1983.0,2876.0,1093.0,1012.0,2545.0,512.0,529.0,23.0,1095.0
4d2fadc4-aa05-490e-b1a4-291a3c82cd58,2021-12-10,6348.0,601.0,1861.0,2826.0,1060.0,980.0,2461.0,492.0,517.0,23.0,1062.0
30fac2a3-17c2-4edd-a509-4c1afce19a45,2021-12-11,5795.0,478.0,1580.0,2717.0,1020.0,959.0,2411.0,477.0,498.0,26.0,1022.0
8c0139c7-07a3-4d31-9281-990c7f276223,2021-12-12,5808.0,450.0,1624.0,2719.0,1015.0,975.0,2417.0,463.0,516.0,30.0,1017.0
b611bd72-e376-49b5-9017-d6788299dc64,2021-12-13,6271.0,586.0,1935.0,2720.0,1030.0,994.0,2391.0,473.0,519.0,31.0,1031.0
ecbf6135-4dc4-4e8f-b19e-8ccaf588895a,2021-12-14,6030.0,527.0,1854.0,2664.0,985.0,970.0,2335.0,438.0,505.0,30.0,986.0
4fef992a-8d38-4772-b5d3-ce9f521f5bd8,2021-12-15,5646.0,468.0,1699.0,2537.0,942.0,935.0,2225.0,425.0,493.0,28.0,942.0
